/*
 Navicat Premium Data Transfer

 Source Server         : mysql
 Source Server Type    : MySQL
 Source Server Version : 50730 (5.7.30)
 Source Host           : localhost:3306
 Source Schema         : crowd_control

 Target Server Type    : MySQL
 Target Server Version : 50730 (5.7.30)
 File Encoding         : 65001

 Date: 04/06/2024 21:24:06
*/

SET NAMES utf8mb4;
SET FOREIGN_KEY_CHECKS = 0;

-- ----------------------------
-- Table structure for chat
-- ----------------------------
DROP TABLE IF EXISTS `chat`;
CREATE TABLE `chat`  (
  `id` int(11) NOT NULL AUTO_INCREMENT,
  `systemName` varchar(255) CHARACTER SET utf8mb4 COLLATE utf8mb4_bin NULL DEFAULT NULL,
  `fromRole` varchar(255) CHARACTER SET utf8mb4 COLLATE utf8mb4_bin NULL DEFAULT NULL,
  `toRole` varchar(255) CHARACTER SET utf8mb4 COLLATE utf8mb4_bin NULL DEFAULT NULL,
  `text` varchar(255) CHARACTER SET utf8mb4 COLLATE utf8mb4_bin NULL DEFAULT NULL,
  `type` varchar(255) CHARACTER SET utf8mb4 COLLATE utf8mb4_bin NULL DEFAULT NULL,
  `statue` int(11) NULL DEFAULT NULL,
  `time` varchar(255) CHARACTER SET utf8mb4 COLLATE utf8mb4_bin NULL DEFAULT NULL,
  PRIMARY KEY (`id`) USING BTREE
) ENGINE = InnoDB AUTO_INCREMENT = 259 CHARACTER SET = utf8mb4 COLLATE = utf8mb4_bin ROW_FORMAT = DYNAMIC;

-- ----------------------------
-- Records of chat
-- ----------------------------
INSERT INTO `chat` VALUES (1, '系统8778', '指挥中心', '公安', '打撒', '2', 0, 'Wed Apr 24 2024 22:00:36 GMT+0800 (中国标准时间)');
INSERT INTO `chat` VALUES (2, '系统8778', '指挥中心', '公安', '爱仕达', '2', 0, 'Wed Apr 24 2024 22:20:36 GMT+0800 (中国标准时间)');
INSERT INTO `chat` VALUES (3, '系统8778', '指挥中心', '公安', '的撒', '2', 0, 'Wed Apr 24 2024 22:23:40 GMT+0800 (中国标准时间)');
INSERT INTO `chat` VALUES (4, '系统8778', '公安', '指挥中心', '的撒', '2', 0, 'Wed Apr 24 2024 22:24:14 GMT+0800 (中国标准时间)');
INSERT INTO `chat` VALUES (5, '系统8778', '指挥中心', '公安', '打赏', '2', 0, 'Wed Apr 24 2024 22:24:54 GMT+0800 (中国标准时间)');
INSERT INTO `chat` VALUES (6, '系统8778', '指挥中心', '公安', '的撒第卅', '2', 0, 'Wed Apr 24 2024 22:29:57 GMT+0800 (中国标准时间)');
INSERT INTO `chat` VALUES (7, '系统8778', '指挥中心', '公安', '第卅', '2', 0, 'Wed Apr 24 2024 22:35:05 GMT+0800 (中国标准时间)');
INSERT INTO `chat` VALUES (8, '系统8778', '指挥中心', '公安', '倒萨', '2', 0, 'Wed Apr 24 2024 22:35:32 GMT+0800 (中国标准时间)');
INSERT INTO `chat` VALUES (9, '系统8778', '指挥中心', '公安', '大撒', '2', 0, 'Wed Apr 24 2024 22:35:45 GMT+0800 (中国标准时间)');
INSERT INTO `chat` VALUES (10, '系统8778', '指挥中心', '公安', '打撒', '2', 0, 'Wed Apr 24 2024 22:39:13 GMT+0800 (中国标准时间)');
INSERT INTO `chat` VALUES (11, '系统8778', '指挥中心', '公安', '请公安去钱塘里维持治安', '2', 0, 'Wed Apr 24 2024 22:51:55 GMT+0800 (中国标准时间)');
INSERT INTO `chat` VALUES (12, '系统8778', '公安', '指挥中心', '收到', '2', 0, 'Wed Apr 24 2024 22:52:20 GMT+0800 (中国标准时间)');
INSERT INTO `chat` VALUES (13, '系统9198', '指挥中心', '公安', '你好', '2', 0, 'Thu Apr 25 2024 21:56:26 GMT+0800 (中国标准时间)');
INSERT INTO `chat` VALUES (14, '系统9198', '指挥中心', '', '', '', 0, 'Thu Apr 25 2024 21:59:15 GMT+0800 (中国标准时间)');
INSERT INTO `chat` VALUES (15, '系统9198', '指挥中心', '', '的份上', '2', 0, 'Thu Apr 25 2024 22:01:02 GMT+0800 (中国标准时间)');
INSERT INTO `chat` VALUES (16, '系统8700', '指挥中心', '1', 'dsa', '2', 0, 'Thu Apr 25 2024 23:27:03 GMT+0800 (中国标准时间)');
INSERT INTO `chat` VALUES (17, '系统8700', '指挥中心', '1', 'dsadsa', '2', 0, 'Thu Apr 25 2024 23:29:17 GMT+0800 (中国标准时间)');
INSERT INTO `chat` VALUES (18, '系统8700', '指挥中心', 'dsa', '', '2', 0, 'Thu Apr 25 2024 23:35:48 GMT+0800 (中国标准时间)');
INSERT INTO `chat` VALUES (19, '系统8700', '指挥中心', '交警', 'dasdsa', '2', 0, 'Thu Apr 25 2024 23:36:57 GMT+0800 (中国标准时间)');
INSERT INTO `chat` VALUES (20, '系统8700', '指挥中心', '城管', 'dsadsa', '2', 0, 'Thu Apr 25 2024 23:41:25 GMT+0800 (中国标准时间)');
INSERT INTO `chat` VALUES (21, '系统8700', '指挥中心', '公安', 'dsa', '2', 0, 'Thu Apr 25 2024 23:47:45 GMT+0800 (中国标准时间)');
INSERT INTO `chat` VALUES (22, '系统8778', '指挥中心', '', '指挥中心上线了', '4', 0, 'Mon Apr 29 2024 21:56:12 GMT+0800 (中国标准时间)');
INSERT INTO `chat` VALUES (23, '系统8778', '指挥中心', '', '指挥中心上线了', '4', 0, 'Mon May 06 2024 21:49:14 GMT+0800 (中国标准时间)');
INSERT INTO `chat` VALUES (24, '系统8778', '公安', '', '公安上线了', '4', 0, 'Mon May 06 2024 21:50:23 GMT+0800 (中国标准时间)');
INSERT INTO `chat` VALUES (25, '系统8778', '指挥中心', '公安', '傻逼', '2', 0, 'Mon May 06 2024 21:51:22 GMT+0800 (中国标准时间)');
INSERT INTO `chat` VALUES (26, '系统8778', '指挥中心', '公安', '筛掉', '1', 1, 'Mon May 06 2024 21:51:35 GMT+0800 (中国标准时间)');
INSERT INTO `chat` VALUES (27, '系统8778', '市民', '', '市民上线了', '4', 0, 'Mon May 06 2024 21:52:00 GMT+0800 (中国标准时间)');
INSERT INTO `chat` VALUES (28, '系统8778', '公交地铁', '', '公交地铁上线了', '4', 0, 'Mon May 06 2024 21:53:30 GMT+0800 (中国标准时间)');
INSERT INTO `chat` VALUES (29, '系统8778', '指挥中心', '', '指挥中心上线了', '4', 0, 'Wed May 08 2024 14:07:05 GMT+0800 (中国标准时间)');
INSERT INTO `chat` VALUES (30, '系统8778', '指挥中心', '', '指挥中心上线了', '4', 0, 'Wed May 08 2024 14:12:19 GMT+0800 (中国标准时间)');
INSERT INTO `chat` VALUES (31, '系统8778', '指挥中心', '', '指挥中心上线了', '4', 0, 'Wed May 08 2024 14:13:19 GMT+0800 (中国标准时间)');
INSERT INTO `chat` VALUES (32, '系统8778', '指挥中心', '', '指挥中心上线了', '4', 0, 'Wed May 08 2024 14:13:25 GMT+0800 (中国标准时间)');
INSERT INTO `chat` VALUES (33, '系统8778', '指挥中心', '', '指挥中心上线了', '4', 0, 'Wed May 08 2024 14:14:25 GMT+0800 (中国标准时间)');
INSERT INTO `chat` VALUES (34, '系统8778', '指挥中心', '', '指挥中心上线了', '4', 0, 'Wed May 08 2024 14:30:14 GMT+0800 (中国标准时间)');
INSERT INTO `chat` VALUES (35, '系统8778', '指挥中心', '', '指挥中心上线了', '4', 0, 'Wed May 08 2024 14:32:33 GMT+0800 (中国标准时间)');
INSERT INTO `chat` VALUES (36, '系统8778', '公安', '', '公安上线了', '4', 0, 'Wed May 08 2024 14:35:40 GMT+0800 (中国标准时间)');
INSERT INTO `chat` VALUES (37, '系统8778', '公安', '', '公安上线了', '4', 0, 'Wed May 08 2024 14:36:33 GMT+0800 (中国标准时间)');
INSERT INTO `chat` VALUES (38, '系统8778', '公安', '', '公安上线了', '4', 0, 'Wed May 08 2024 14:36:57 GMT+0800 (中国标准时间)');
INSERT INTO `chat` VALUES (39, '系统8778', '公安', '', '公安上线了', '4', 0, 'Wed May 08 2024 14:38:06 GMT+0800 (中国标准时间)');
INSERT INTO `chat` VALUES (40, '系统8778', '公安', '', '公安上线了', '4', 0, 'Wed May 08 2024 14:38:58 GMT+0800 (中国标准时间)');
INSERT INTO `chat` VALUES (41, '系统8778', '公安', '', '公安上线了', '4', 0, 'Wed May 08 2024 14:40:44 GMT+0800 (中国标准时间)');
INSERT INTO `chat` VALUES (42, '系统8778', '公安', '', '公安上线了', '4', 0, 'Wed May 08 2024 14:44:17 GMT+0800 (中国标准时间)');
INSERT INTO `chat` VALUES (43, '系统8778', '指挥中心', '', '指挥中心上线了', '4', 0, 'Wed May 08 2024 14:44:17 GMT+0800 (中国标准时间)');
INSERT INTO `chat` VALUES (44, '系统8778', '指挥中心', '', '指挥中心上线了', '4', 0, 'Wed May 08 2024 14:44:39 GMT+0800 (中国标准时间)');
INSERT INTO `chat` VALUES (45, '系统8778', '公安', '', '公安上线了', '4', 0, 'Wed May 08 2024 14:44:39 GMT+0800 (中国标准时间)');
INSERT INTO `chat` VALUES (46, '系统8778', '公安', '', '公安上线了', '4', 0, 'Wed May 08 2024 14:45:05 GMT+0800 (中国标准时间)');
INSERT INTO `chat` VALUES (47, '系统8778', '指挥中心', '', '指挥中心上线了', '4', 0, 'Wed May 08 2024 14:45:06 GMT+0800 (中国标准时间)');
INSERT INTO `chat` VALUES (48, '系统8778', '指挥中心', '', '指挥中心上线了', '4', 0, 'Wed May 08 2024 14:45:22 GMT+0800 (中国标准时间)');
INSERT INTO `chat` VALUES (49, '系统8778', '公安', '', '公安上线了', '4', 0, 'Wed May 08 2024 14:45:22 GMT+0800 (中国标准时间)');
INSERT INTO `chat` VALUES (50, '系统8778', '公安', '', '公安上线了', '4', 0, 'Wed May 08 2024 14:46:00 GMT+0800 (中国标准时间)');
INSERT INTO `chat` VALUES (51, '系统8778', '指挥中心', '', '指挥中心上线了', '4', 0, 'Wed May 08 2024 14:46:01 GMT+0800 (中国标准时间)');
INSERT INTO `chat` VALUES (52, '系统6968', '公安', '公安', '吃屎', '1', 1, 'Wed May 08 2024 14:46:52 GMT+0800 (中国标准时间)');
INSERT INTO `chat` VALUES (53, '系统8778', '指挥中心', '', '指挥中心上线了', '4', 0, 'Wed May 08 2024 15:10:00 GMT+0800 (中国标准时间)');
INSERT INTO `chat` VALUES (54, '系统6968', '公安', '', '公安上线了', '1', 0, 'Wed May 08 2024 15:10:50 GMT+0800 (中国标准时间)');
INSERT INTO `chat` VALUES (55, '系统6968', '指挥中心', '公安', '喝尿', '1', 1, 'Wed May 08 2024 15:11:04 GMT+0800 (中国标准时间)');
INSERT INTO `chat` VALUES (56, '系统8778', '指挥中心', '', '指挥中心上线了', '4', 0, 'Wed May 08 2024 16:54:51 GMT+0800 (中国标准时间)');
INSERT INTO `chat` VALUES (57, '系统6968', '指挥中心', '公安', '喝尿', '1', 1, 'Wed May 08 2024 15:11:04 GMT+0800 (中国标准时间)');
INSERT INTO `chat` VALUES (58, '系统6968', '', '', '公安上线了', '4', 0, 'Tue May 14 2024 23:04:08 GMT+0800 (中国标准时间)');
INSERT INTO `chat` VALUES (59, '系统6968', '', '', '指挥中心上线了', '4', 0, 'Tue May 14 2024 23:04:08 GMT+0800 (中国标准时间)');
INSERT INTO `chat` VALUES (60, '系统6968', '', '', '公安上线了', '4', 0, 'Tue May 14 2024 23:05:41 GMT+0800 (中国标准时间)');
INSERT INTO `chat` VALUES (61, '系统6968', '', '', '指挥中心上线了', '4', 0, 'Tue May 14 2024 23:05:41 GMT+0800 (中国标准时间)');
INSERT INTO `chat` VALUES (62, '系统6968', '', '', '公安上线了', '4', 0, 'Tue May 14 2024 23:05:59 GMT+0800 (中国标准时间)');
INSERT INTO `chat` VALUES (63, '系统6968', '', '', '指挥中心上线了', '4', 0, 'Tue May 14 2024 23:05:59 GMT+0800 (中国标准时间)');
INSERT INTO `chat` VALUES (64, '系统6968', '', '', '公安上线了', '4', 0, 'Tue May 14 2024 23:06:06 GMT+0800 (中国标准时间)');
INSERT INTO `chat` VALUES (65, '系统6968', '', '', '指挥中心上线了', '4', 0, 'Tue May 14 2024 23:06:06 GMT+0800 (中国标准时间)');
INSERT INTO `chat` VALUES (66, '系统6968', '', '', '公安上线了', '4', 0, 'Tue May 14 2024 23:07:07 GMT+0800 (中国标准时间)');
INSERT INTO `chat` VALUES (67, '系统6968', '', '', '指挥中心上线了', '4', 0, 'Tue May 14 2024 23:07:07 GMT+0800 (中国标准时间)');
INSERT INTO `chat` VALUES (68, '系统6968', '', '', '公安上线了', '4', 0, 'Tue May 14 2024 23:07:11 GMT+0800 (中国标准时间)');
INSERT INTO `chat` VALUES (69, '系统6968', '', '', '指挥中心上线了', '4', 0, 'Tue May 14 2024 23:07:11 GMT+0800 (中国标准时间)');
INSERT INTO `chat` VALUES (70, '系统6968', '指挥中心', '公安', '111', '2', 0, 'Tue May 14 2024 23:07:29 GMT+0800 (中国标准时间)');
INSERT INTO `chat` VALUES (71, '系统6968', '指挥中心', '公安', '111222', '2', 0, 'Tue May 14 2024 23:07:36 GMT+0800 (中国标准时间)');
INSERT INTO `chat` VALUES (72, '系统6968', '', '', '公安上线了', '4', 0, 'Tue May 14 2024 23:10:23 GMT+0800 (中国标准时间)');
INSERT INTO `chat` VALUES (73, '系统6968', '', '', '指挥中心上线了', '4', 0, 'Tue May 14 2024 23:10:23 GMT+0800 (中国标准时间)');
INSERT INTO `chat` VALUES (74, '系统6968', '指挥中心', '公安', '11', '2', 0, 'Tue May 14 2024 23:10:42 GMT+0800 (中国标准时间)');
INSERT INTO `chat` VALUES (75, '系统6968', '公安', '指挥中心', '11', '2', 0, 'Tue May 14 2024 23:10:51 GMT+0800 (中国标准时间)');
INSERT INTO `chat` VALUES (76, '系统6968', '指挥中心', '公安', '11222', '2', 0, 'Tue May 14 2024 23:11:11 GMT+0800 (中国标准时间)');
INSERT INTO `chat` VALUES (77, '系统6968', '公安', '指挥中心', '11333', '2', 0, 'Tue May 14 2024 23:11:17 GMT+0800 (中国标准时间)');
INSERT INTO `chat` VALUES (78, '系统6968', '指挥中心', '公安', '112222', '1', 1, 'Tue May 14 2024 23:11:45 GMT+0800 (中国标准时间)');
INSERT INTO `chat` VALUES (79, '系统6968', '', '', '公安上线了', '4', 0, 'Tue May 14 2024 23:16:39 GMT+0800 (中国标准时间)');
INSERT INTO `chat` VALUES (80, '系统6968', '', '', '公安上线了', '4', 0, 'Tue May 14 2024 23:17:02 GMT+0800 (中国标准时间)');
INSERT INTO `chat` VALUES (81, '系统6968', '', '', '公安上线了', '4', 0, 'Tue May 14 2024 23:17:28 GMT+0800 (中国标准时间)');
INSERT INTO `chat` VALUES (82, '系统6968', '', '', '公安上线了', '4', 0, 'Tue May 14 2024 23:18:46 GMT+0800 (中国标准时间)');
INSERT INTO `chat` VALUES (83, '系统6968', '', '', '公安上线了', '4', 0, 'Tue May 14 2024 23:19:08 GMT+0800 (中国标准时间)');
INSERT INTO `chat` VALUES (84, '系统6968', '', '', '公安上线了', '4', 0, 'Tue May 14 2024 23:19:34 GMT+0800 (中国标准时间)');
INSERT INTO `chat` VALUES (85, '系统6968', '', '', '公安上线了', '4', 0, 'Tue May 14 2024 23:20:39 GMT+0800 (中国标准时间)');
INSERT INTO `chat` VALUES (86, '系统6968', '', '', '公安上线了', '4', 0, 'Tue May 14 2024 23:21:07 GMT+0800 (中国标准时间)');
INSERT INTO `chat` VALUES (87, '系统6968', '', '', '公安上线了', '4', 0, 'Tue May 14 2024 23:21:10 GMT+0800 (中国标准时间)');
INSERT INTO `chat` VALUES (88, '系统6968', '指挥中心', '公安', '322', '2', 0, 'Tue May 14 2024 23:29:46 GMT+0800 (中国标准时间)');
INSERT INTO `chat` VALUES (89, '系统6968', '公安', '指挥中心', '22', '2', 0, 'Tue May 14 2024 23:30:24 GMT+0800 (中国标准时间)');
INSERT INTO `chat` VALUES (90, '系统6968', '指挥中心', '公安', '322', '1', 1, 'Tue May 14 2024 23:31:30 GMT+0800 (中国标准时间)');
INSERT INTO `chat` VALUES (91, '系统6968', '指挥中心', '公安', '1', '1', 1, 'Tue May 14 2024 23:32:14 GMT+0800 (中国标准时间)');
INSERT INTO `chat` VALUES (92, '系统6968', '指挥中心', '公安', '1', '1', 1, 'Tue May 14 2024 23:32:45 GMT+0800 (中国标准时间)');
INSERT INTO `chat` VALUES (93, '系统6968', '指挥中心', '公安', '1', '2', 0, 'Tue May 14 2024 23:33:05 GMT+0800 (中国标准时间)');
INSERT INTO `chat` VALUES (94, '系统6968', '公安', '指挥中心', '33', '2', 0, 'Tue May 14 2024 23:34:12 GMT+0800 (中国标准时间)');
INSERT INTO `chat` VALUES (95, '系统6968', '', '', '公安上线了', '4', 0, 'Tue May 14 2024 23:39:48 GMT+0800 (中国标准时间)');
INSERT INTO `chat` VALUES (96, '系统6968', '', '', '指挥中心上线了', '4', 0, 'Tue May 14 2024 23:39:48 GMT+0800 (中国标准时间)');
INSERT INTO `chat` VALUES (97, '系统6968', '', '', '公安上线了', '4', 0, 'Tue May 14 2024 23:40:33 GMT+0800 (中国标准时间)');
INSERT INTO `chat` VALUES (98, '系统6968', '', '', '指挥中心上线了', '4', 0, 'Tue May 14 2024 23:40:33 GMT+0800 (中国标准时间)');
INSERT INTO `chat` VALUES (99, '系统6968', '', '', '指挥中心上线了', '4', 0, 'Tue May 14 2024 23:48:43 GMT+0800 (中国标准时间)');
INSERT INTO `chat` VALUES (100, '系统6968', '', '', '公安上线了', '4', 0, 'Tue May 14 2024 23:48:56 GMT+0800 (中国标准时间)');
INSERT INTO `chat` VALUES (101, '系统6968', '', '', '公安上线了', '4', 0, 'Tue May 14 2024 23:49:28 GMT+0800 (中国标准时间)');
INSERT INTO `chat` VALUES (102, '系统6968', '', '', '指挥中心上线了', '4', 0, 'Tue May 14 2024 23:49:28 GMT+0800 (中国标准时间)');
INSERT INTO `chat` VALUES (103, '系统6968', '公安', '指挥中心', '11', '2', 0, 'Tue May 14 2024 23:49:37 GMT+0800 (中国标准时间)');
INSERT INTO `chat` VALUES (104, '系统6968', '', '', '指挥中心上线了', '4', 0, 'Tue May 14 2024 23:50:08 GMT+0800 (中国标准时间)');
INSERT INTO `chat` VALUES (105, '系统6968', '', '', '公安上线了', '4', 0, 'Tue May 14 2024 23:50:08 GMT+0800 (中国标准时间)');
INSERT INTO `chat` VALUES (106, '系统6968', '指挥中心', '公安', '111', '1', 1, 'Tue May 14 2024 23:50:19 GMT+0800 (中国标准时间)');
INSERT INTO `chat` VALUES (107, '系统6968', '', '', '公安上线了', '4', 0, 'Wed May 15 2024 14:38:21 GMT+0800 (中国标准时间)');
INSERT INTO `chat` VALUES (108, '系统6968', '', '', '指挥中心上线了', '4', 0, 'Wed May 15 2024 15:28:12 GMT+0800 (中国标准时间)');
INSERT INTO `chat` VALUES (109, '系统6968', '系统', '', '指挥中心上线了', '4', 0, 'Wed May 15 2024 18:21:27 GMT+0800 (中国标准时间)');
INSERT INTO `chat` VALUES (110, '系统6968', '系统', '', '公安上线了', '4', 0, 'Wed May 15 2024 18:21:27 GMT+0800 (中国标准时间)');
INSERT INTO `chat` VALUES (111, '系统6968', '系统', '', '指挥中心上线了', '4', 0, 'Wed May 15 2024 18:21:28 GMT+0800 (中国标准时间)');
INSERT INTO `chat` VALUES (112, '系统6968', '系统', '', '公安上线了', '4', 0, 'Wed May 15 2024 18:21:28 GMT+0800 (中国标准时间)');
INSERT INTO `chat` VALUES (113, '系统6968', '系统', '', '交警上线了', '4', 0, 'Wed May 15 2024 18:22:07 GMT+0800 (中国标准时间)');
INSERT INTO `chat` VALUES (114, '系统6968', '系统', '', '指挥中心上线了', '4', 0, 'Wed May 15 2024 18:22:24 GMT+0800 (中国标准时间)');
INSERT INTO `chat` VALUES (115, '系统6968', '系统', '', '公安上线了', '4', 0, 'Wed May 15 2024 18:23:17 GMT+0800 (中国标准时间)');
INSERT INTO `chat` VALUES (116, '系统6968', '系统', '', '公安上线了', '4', 0, 'Wed May 15 2024 18:27:27 GMT+0800 (中国标准时间)');
INSERT INTO `chat` VALUES (117, '系统6968', '系统', '', '公安上线了', '4', 0, 'Wed May 15 2024 18:29:16 GMT+0800 (中国标准时间)');
INSERT INTO `chat` VALUES (118, '系统6968', '系统', '', '公安上线了', '4', 0, 'Wed May 15 2024 20:12:53 GMT+0800 (中国标准时间)');
INSERT INTO `chat` VALUES (119, '系统6968', '系统', '', '公安上线了', '4', 0, 'Wed May 15 2024 20:15:19 GMT+0800 (中国标准时间)');
INSERT INTO `chat` VALUES (120, '系统6968', '系统', '', '公安上线了', '4', 0, 'Wed May 15 2024 20:18:08 GMT+0800 (中国标准时间)');
INSERT INTO `chat` VALUES (121, '系统6968', '系统', '', '公安上线了', '4', 0, 'Wed May 15 2024 20:18:25 GMT+0800 (中国标准时间)');
INSERT INTO `chat` VALUES (122, '系统6968', '系统', '', '公安上线了', '4', 0, 'Wed May 15 2024 20:19:22 GMT+0800 (中国标准时间)');
INSERT INTO `chat` VALUES (123, '系统6968', '系统', '', '公安上线了', '4', 0, 'Wed May 15 2024 20:19:35 GMT+0800 (中国标准时间)');
INSERT INTO `chat` VALUES (124, '系统6968', '系统', '', '城管上线了', '4', 0, 'Wed May 15 2024 21:06:49 GMT+0800 (中国标准时间)');
INSERT INTO `chat` VALUES (125, '系统6968', '城管', '主办单位', '14', '2', 0, 'Wed May 15 2024 21:06:57 GMT+0800 (中国标准时间)');
INSERT INTO `chat` VALUES (126, '系统6968', '系统', '', '市民上线了', '4', 0, 'Wed May 15 2024 21:11:07 GMT+0800 (中国标准时间)');
INSERT INTO `chat` VALUES (127, '系统6968', '系统', '', '市民上线了', '4', 0, 'Wed May 15 2024 21:23:12 GMT+0800 (中国标准时间)');
INSERT INTO `chat` VALUES (128, '系统6968', '系统', '', '市民上线了', '4', 0, 'Wed May 15 2024 21:27:49 GMT+0800 (中国标准时间)');
INSERT INTO `chat` VALUES (129, '系统6968', '系统', '', '市民上线了', '4', 0, 'Wed May 15 2024 21:28:06 GMT+0800 (中国标准时间)');
INSERT INTO `chat` VALUES (130, '系统6968', '系统', '', '市民上线了', '4', 0, 'Wed May 15 2024 21:28:46 GMT+0800 (中国标准时间)');
INSERT INTO `chat` VALUES (131, '系统6968', '系统', '', '市民上线了', '4', 0, 'Wed May 15 2024 21:30:25 GMT+0800 (中国标准时间)');
INSERT INTO `chat` VALUES (132, '系统6968', '系统', '', '主办单位上线了', '4', 0, 'Wed May 15 2024 21:37:06 GMT+0800 (中国标准时间)');
INSERT INTO `chat` VALUES (133, '系统6968', '系统', '', '主办单位上线了', '4', 0, 'Wed May 15 2024 21:46:09 GMT+0800 (中国标准时间)');
INSERT INTO `chat` VALUES (134, '系统6968', '系统', '', '主办单位上线了', '4', 0, 'Wed May 15 2024 21:52:14 GMT+0800 (中国标准时间)');
INSERT INTO `chat` VALUES (135, '系统6968', '系统', '', '主办单位上线了', '4', 0, 'Wed May 15 2024 22:05:30 GMT+0800 (中国标准时间)');
INSERT INTO `chat` VALUES (136, '系统6968', '系统', '', '主办单位上线了', '4', 0, 'Wed May 15 2024 22:06:07 GMT+0800 (中国标准时间)');
INSERT INTO `chat` VALUES (137, '系统6968', '系统', '', '主办单位上线了', '4', 0, 'Wed May 15 2024 22:07:54 GMT+0800 (中国标准时间)');
INSERT INTO `chat` VALUES (138, '系统6968', '系统', '', '主办单位上线了', '4', 0, 'Wed May 15 2024 22:08:14 GMT+0800 (中国标准时间)');
INSERT INTO `chat` VALUES (139, '系统6968', '系统', '', '主办单位上线了', '4', 0, 'Wed May 15 2024 22:08:42 GMT+0800 (中国标准时间)');
INSERT INTO `chat` VALUES (140, '系统6968', '系统', '', '主办单位上线了', '4', 0, 'Wed May 15 2024 22:10:48 GMT+0800 (中国标准时间)');
INSERT INTO `chat` VALUES (141, '系统6968', '系统', '', '主办单位上线了', '4', 0, 'Wed May 15 2024 22:12:19 GMT+0800 (中国标准时间)');
INSERT INTO `chat` VALUES (142, '系统6968', '系统', '', '主办单位上线了', '4', 0, 'Wed May 15 2024 22:12:59 GMT+0800 (中国标准时间)');
INSERT INTO `chat` VALUES (143, '系统6968', '系统', '', '主办单位上线了', '4', 0, 'Wed May 15 2024 22:13:31 GMT+0800 (中国标准时间)');
INSERT INTO `chat` VALUES (144, '系统6968', '系统', '', '主办单位上线了', '4', 0, 'Wed May 15 2024 22:15:00 GMT+0800 (中国标准时间)');
INSERT INTO `chat` VALUES (145, '系统6968', '系统', '', '主办单位上线了', '4', 0, 'Wed May 15 2024 22:16:36 GMT+0800 (中国标准时间)');
INSERT INTO `chat` VALUES (146, '系统6968', '系统', '', '主办单位上线了', '4', 0, 'Wed May 15 2024 22:19:24 GMT+0800 (中国标准时间)');
INSERT INTO `chat` VALUES (147, '系统6968', '系统', '', '主办单位上线了', '4', 0, 'Wed May 15 2024 22:25:19 GMT+0800 (中国标准时间)');
INSERT INTO `chat` VALUES (148, '系统6968', '系统', '', '公交地铁上线了', '4', 0, 'Wed May 15 2024 22:41:11 GMT+0800 (中国标准时间)');
INSERT INTO `chat` VALUES (149, '系统6968', '系统', '', '公交地铁上线了', '4', 0, 'Wed May 15 2024 22:42:25 GMT+0800 (中国标准时间)');
INSERT INTO `chat` VALUES (150, '系统6968', '系统', '', '公交地铁上线了', '4', 0, 'Wed May 15 2024 22:42:54 GMT+0800 (中国标准时间)');
INSERT INTO `chat` VALUES (151, '系统6968', '系统', '', '公交地铁上线了', '4', 0, 'Wed May 15 2024 22:49:53 GMT+0800 (中国标准时间)');
INSERT INTO `chat` VALUES (152, '系统6968', '系统', '', '公交地铁上线了', '4', 0, 'Wed May 15 2024 22:52:01 GMT+0800 (中国标准时间)');
INSERT INTO `chat` VALUES (153, '系统6968', '系统', '', '公交地铁上线了', '4', 0, 'Wed May 15 2024 23:02:02 GMT+0800 (中国标准时间)');
INSERT INTO `chat` VALUES (154, '系统6968', '系统', '', '公交地铁上线了', '4', 0, 'Wed May 15 2024 23:02:39 GMT+0800 (中国标准时间)');
INSERT INTO `chat` VALUES (155, '系统6968', '系统', '', '公交地铁上线了', '4', 0, 'Wed May 15 2024 23:03:21 GMT+0800 (中国标准时间)');
INSERT INTO `chat` VALUES (156, '系统6968', '系统', '', '公交地铁上线了', '4', 0, 'Wed May 15 2024 23:06:17 GMT+0800 (中国标准时间)');
INSERT INTO `chat` VALUES (157, '系统6968', '系统', '', '公交地铁上线了', '4', 0, 'Wed May 15 2024 23:06:22 GMT+0800 (中国标准时间)');
INSERT INTO `chat` VALUES (158, '系统6968', '系统', '', '公交地铁上线了', '4', 0, 'Wed May 15 2024 23:07:17 GMT+0800 (中国标准时间)');
INSERT INTO `chat` VALUES (159, '系统6968', '系统', '', '公交地铁上线了', '4', 0, 'Wed May 15 2024 23:08:37 GMT+0800 (中国标准时间)');
INSERT INTO `chat` VALUES (160, '系统6968', '系统', '', '公交地铁上线了', '4', 0, 'Wed May 15 2024 23:10:40 GMT+0800 (中国标准时间)');
INSERT INTO `chat` VALUES (161, '系统6968', '系统', '', '公交地铁上线了', '4', 0, 'Wed May 15 2024 23:11:24 GMT+0800 (中国标准时间)');
INSERT INTO `chat` VALUES (162, '系统6968', '系统', '', '公交地铁上线了', '4', 0, 'Wed May 15 2024 23:16:50 GMT+0800 (中国标准时间)');
INSERT INTO `chat` VALUES (163, '系统6968', '系统', '', '公交地铁上线了', '4', 0, 'Wed May 15 2024 23:21:11 GMT+0800 (中国标准时间)');
INSERT INTO `chat` VALUES (164, '系统6968', '系统', '', '公交地铁上线了', '4', 0, 'Wed May 15 2024 23:27:48 GMT+0800 (中国标准时间)');
INSERT INTO `chat` VALUES (165, '系统6968', '系统', '', '公交地铁上线了', '4', 0, 'Wed May 15 2024 23:28:19 GMT+0800 (中国标准时间)');
INSERT INTO `chat` VALUES (166, '系统6968', '系统', '', '公交地铁上线了', '4', 0, 'Wed May 15 2024 23:30:15 GMT+0800 (中国标准时间)');
INSERT INTO `chat` VALUES (167, '系统6968', '系统', '', '公交地铁上线了', '4', 0, 'Wed May 15 2024 23:30:40 GMT+0800 (中国标准时间)');
INSERT INTO `chat` VALUES (168, '系统6968', '系统', '', '公交地铁上线了', '4', 0, 'Wed May 15 2024 23:31:32 GMT+0800 (中国标准时间)');
INSERT INTO `chat` VALUES (169, '系统6968', '系统', '', '公交地铁上线了', '4', 0, 'Wed May 15 2024 23:33:18 GMT+0800 (中国标准时间)');
INSERT INTO `chat` VALUES (170, '系统6968', '系统', '', '公交地铁上线了', '4', 0, 'Wed May 15 2024 23:34:10 GMT+0800 (中国标准时间)');
INSERT INTO `chat` VALUES (171, '系统6968', '系统', '', '公交地铁上线了', '4', 0, 'Wed May 15 2024 23:35:26 GMT+0800 (中国标准时间)');
INSERT INTO `chat` VALUES (172, '系统6968', '系统', '', '公交地铁上线了', '4', 0, 'Wed May 15 2024 23:36:30 GMT+0800 (中国标准时间)');
INSERT INTO `chat` VALUES (173, '系统6968', '系统', '', '公交地铁上线了', '4', 0, 'Wed May 15 2024 23:41:35 GMT+0800 (中国标准时间)');
INSERT INTO `chat` VALUES (174, '系统6968', '系统', '', '公交地铁上线了', '4', 0, 'Wed May 15 2024 23:47:23 GMT+0800 (中国标准时间)');
INSERT INTO `chat` VALUES (175, '系统6968', '系统', '', '公交地铁上线了', '4', 0, 'Wed May 15 2024 23:47:32 GMT+0800 (中国标准时间)');
INSERT INTO `chat` VALUES (176, '系统6968', '系统', '', '公交地铁上线了', '4', 0, 'Wed May 15 2024 23:48:57 GMT+0800 (中国标准时间)');
INSERT INTO `chat` VALUES (177, '系统6968', '系统', '', '公交地铁上线了', '4', 0, 'Wed May 15 2024 23:49:29 GMT+0800 (中国标准时间)');
INSERT INTO `chat` VALUES (178, '系统6968', '系统', '', '主办单位上线了', '4', 0, 'Wed May 15 2024 23:49:56 GMT+0800 (中国标准时间)');
INSERT INTO `chat` VALUES (179, '系统6968', '公交地铁', '主办单位', '111', '2', 0, 'Wed May 15 2024 23:50:11 GMT+0800 (中国标准时间)');
INSERT INTO `chat` VALUES (180, '系统6968', '公交地铁', '主办单位', '找到令狐冲', '1', 1, 'Wed May 15 2024 23:50:30 GMT+0800 (中国标准时间)');
INSERT INTO `chat` VALUES (181, '系统6968', '系统', '', '主办单位上线了', '4', 0, 'Wed May 15 2024 23:55:14 GMT+0800 (中国标准时间)');
INSERT INTO `chat` VALUES (182, '系统6968', '系统', '', '公交地铁上线了', '4', 0, 'Wed May 15 2024 23:55:20 GMT+0800 (中国标准时间)');
INSERT INTO `chat` VALUES (183, '系统6968', '系统', '', '指挥中心上线了', '4', 0, 'Thu May 16 2024 21:21:39 GMT+0800 (中国标准时间)');
INSERT INTO `chat` VALUES (184, '系统6968', '系统', '', '公安上线了', '4', 0, 'Thu May 16 2024 21:22:10 GMT+0800 (中国标准时间)');
INSERT INTO `chat` VALUES (185, '系统6968', '指挥中心', '公安', '安排人员去钱塘里执勤', '1', 0, 'Thu May 16 2024 21:22:35 GMT+0800 (中国标准时间)');
INSERT INTO `chat` VALUES (186, '系统6968', '公安', '指挥中心', ' 完成了任务：111', '2', 1, 'Thu May 16 2024 21:22:41 GMT+0800 (中国标准时间)');
INSERT INTO `chat` VALUES (187, '系统6968', '公安', '指挥中心', ' 完成了任务：322', '2', 1, 'Thu May 16 2024 21:22:46 GMT+0800 (中国标准时间)');
INSERT INTO `chat` VALUES (188, '系统6968', '公安', '', '在钱塘里部署了12名公安', '3', 0, 'Thu May 16 2024 21:22:54 GMT+0800 (中国标准时间)');
INSERT INTO `chat` VALUES (189, '系统6968', '公安', '', '在钱塘里部署了20名公安', '3', 0, 'Thu May 16 2024 21:23:15 GMT+0800 (中国标准时间)');
INSERT INTO `chat` VALUES (190, '系统6968', '系统', '', '主办单位上线了', '4', 0, 'Thu May 16 2024 21:23:48 GMT+0800 (中国标准时间)');
INSERT INTO `chat` VALUES (191, '系统6968', '主办单位', '', '音乐活动关闭了，请大家等待下次！', '3', 0, 'Thu May 16 2024 21:23:51 GMT+0800 (中国标准时间)');
INSERT INTO `chat` VALUES (192, '系统6968', '主办单位', '', '音乐活动开启了，大家快来玩！', '3', 0, 'Thu May 16 2024 21:23:57 GMT+0800 (中国标准时间)');
INSERT INTO `chat` VALUES (193, '系统6968', '系统', '', '公交地铁上线了', '4', 0, 'Thu May 16 2024 21:24:20 GMT+0800 (中国标准时间)');
INSERT INTO `chat` VALUES (194, '系统6968', '公交地铁', '指挥中心', '开打吧', '2', 0, 'Thu May 16 2024 21:24:49 GMT+0800 (中国标准时间)');
INSERT INTO `chat` VALUES (195, '系统6968', '系统', '', '志愿者上线了', '4', 0, 'Thu May 16 2024 21:25:28 GMT+0800 (中国标准时间)');
INSERT INTO `chat` VALUES (196, '系统6968', '志愿者', '', '在东坡里部署了23名志愿者', '3', 0, 'Thu May 16 2024 21:25:35 GMT+0800 (中国标准时间)');
INSERT INTO `chat` VALUES (197, '系统6968', '系统', '', '市民上线了', '4', 0, 'Thu May 16 2024 21:25:51 GMT+0800 (中国标准时间)');
INSERT INTO `chat` VALUES (198, '系统6968', '系统', '', '指挥中心上线了', '4', 0, 'Fri May 17 2024 13:04:20 GMT+0800 (中国标准时间)');
INSERT INTO `chat` VALUES (199, '系统6968', '系统', '', '公安上线了', '4', 0, 'Fri May 17 2024 13:04:54 GMT+0800 (中国标准时间)');
INSERT INTO `chat` VALUES (200, '系统6968', '公安', '指挥中心', '你好，智慧中心', '2', 0, 'Fri May 17 2024 13:05:52 GMT+0800 (中国标准时间)');
INSERT INTO `chat` VALUES (201, '系统6968', '指挥中心', '公安', '你好', '2', 0, 'Fri May 17 2024 13:06:05 GMT+0800 (中国标准时间)');
INSERT INTO `chat` VALUES (202, '系统6968', '指挥中心', '公安', '安排人手执勤', '1', 0, 'Fri May 17 2024 13:06:17 GMT+0800 (中国标准时间)');
INSERT INTO `chat` VALUES (203, '系统6968', '公安', '指挥中心', ' 完成了任务：112222', '2', 1, 'Fri May 17 2024 13:06:21 GMT+0800 (中国标准时间)');
INSERT INTO `chat` VALUES (204, '系统6968', '系统', '', '主办单位上线了', '4', 0, 'Fri May 17 2024 13:06:48 GMT+0800 (中国标准时间)');
INSERT INTO `chat` VALUES (205, '系统6968', '指挥中心', '主办单位', '人数太多，请关闭活动', '1', 0, 'Fri May 17 2024 13:07:12 GMT+0800 (中国标准时间)');
INSERT INTO `chat` VALUES (206, '系统6968', '主办单位', '', '音乐活动关闭了，请大家等待下次！', '3', 0, 'Fri May 17 2024 13:07:17 GMT+0800 (中国标准时间)');
INSERT INTO `chat` VALUES (207, '系统6968', '主办单位', '公交地铁', ' 完成了任务：找到令狐冲', '2', 1, 'Fri May 17 2024 13:07:18 GMT+0800 (中国标准时间)');
INSERT INTO `chat` VALUES (208, '系统6968', '系统', '', '公交地铁上线了', '4', 0, 'Fri May 17 2024 13:07:50 GMT+0800 (中国标准时间)');
INSERT INTO `chat` VALUES (209, '系统6968', '公交地铁', '指挥中心', '你好', '2', 0, 'Fri May 17 2024 13:08:02 GMT+0800 (中国标准时间)');
INSERT INTO `chat` VALUES (210, '系统6968', '指挥中心', '公交地铁', '开启公交', '1', 0, 'Fri May 17 2024 13:08:18 GMT+0800 (中国标准时间)');
INSERT INTO `chat` VALUES (211, '系统6968', '指挥中心', '公交地铁', '关闭地铁', '1', 0, 'Fri May 17 2024 13:10:45 GMT+0800 (中国标准时间)');
INSERT INTO `chat` VALUES (212, '系统6968', '系统', '', '市民上线了', '4', 0, 'Fri May 17 2024 13:11:47 GMT+0800 (中国标准时间)');
INSERT INTO `chat` VALUES (213, '系统6968', '系统', '', '指挥中心上线了', '4', 0, 'Fri May 17 2024 13:15:30 GMT+0800 (中国标准时间)');
INSERT INTO `chat` VALUES (214, '系统6968', '系统', '', '指挥中心上线了', '4', 0, 'Fri May 17 2024 13:16:47 GMT+0800 (中国标准时间)');
INSERT INTO `chat` VALUES (215, '系统6968', '系统', '', '市民上线了', '4', 0, 'Fri May 17 2024 13:17:59 GMT+0800 (中国标准时间)');
INSERT INTO `chat` VALUES (216, '系统6968', '系统', '', '指挥中心上线了', '4', 0, 'Fri May 17 2024 13:20:14 GMT+0800 (中国标准时间)');
INSERT INTO `chat` VALUES (217, '系统6968', '系统', '', '指挥中心上线了', '4', 0, 'Fri May 17 2024 13:21:13 GMT+0800 (中国标准时间)');
INSERT INTO `chat` VALUES (218, '系统6968', '系统', '', '市民上线了', '4', 0, 'Fri May 17 2024 13:21:29 GMT+0800 (中国标准时间)');
INSERT INTO `chat` VALUES (219, '系统6968', '系统', '', '指挥中心上线了', '4', 0, 'Fri May 17 2024 13:22:34 GMT+0800 (中国标准时间)');
INSERT INTO `chat` VALUES (220, '系统6968', '系统', '', '指挥中心上线了', '4', 0, 'Fri May 17 2024 13:22:53 GMT+0800 (中国标准时间)');
INSERT INTO `chat` VALUES (221, '系统6968', '系统', '', '指挥中心上线了', '4', 0, 'Fri May 17 2024 13:24:10 GMT+0800 (中国标准时间)');
INSERT INTO `chat` VALUES (222, '系统6968', '系统', '', '指挥中心上线了', '4', 0, 'Fri May 17 2024 13:24:54 GMT+0800 (中国标准时间)');
INSERT INTO `chat` VALUES (223, '系统6968', '系统', '', '指挥中心上线了', '4', 0, 'Fri May 17 2024 13:25:15 GMT+0800 (中国标准时间)');
INSERT INTO `chat` VALUES (224, '系统6968', '系统', '', '公交地铁上线了', '4', 0, 'Fri May 17 2024 13:25:33 GMT+0800 (中国标准时间)');
INSERT INTO `chat` VALUES (225, '系统6968', '系统', '', '公安上线了', '4', 0, 'Fri May 17 2024 13:27:08 GMT+0800 (中国标准时间)');
INSERT INTO `chat` VALUES (226, '系统6968', '系统', '', '指挥中心上线了', '4', 0, 'Fri May 17 2024 13:27:57 GMT+0800 (中国标准时间)');
INSERT INTO `chat` VALUES (227, '系统6968', '系统', '', '公安上线了', '4', 0, 'Fri May 17 2024 13:27:57 GMT+0800 (中国标准时间)');
INSERT INTO `chat` VALUES (228, '系统6968', '系统', '', '公安上线了', '4', 0, 'Fri May 17 2024 13:28:24 GMT+0800 (中国标准时间)');
INSERT INTO `chat` VALUES (229, '系统6968', '系统', '', '指挥中心上线了', '4', 0, 'Fri May 17 2024 13:29:18 GMT+0800 (中国标准时间)');
INSERT INTO `chat` VALUES (230, '系统6968', '系统', '', '公安上线了', '4', 0, 'Fri May 17 2024 13:29:31 GMT+0800 (中国标准时间)');
INSERT INTO `chat` VALUES (231, '系统6968', '系统', '', '指挥中心上线了', '4', 0, 'Fri May 17 2024 14:22:00 GMT+0800 (中国标准时间)');
INSERT INTO `chat` VALUES (232, '系统6968', '系统', '', '指挥中心上线了', '4', 0, 'Fri May 17 2024 14:22:19 GMT+0800 (中国标准时间)');
INSERT INTO `chat` VALUES (233, '系统6968', '系统', '', '指挥中心上线了', '4', 0, 'Fri May 17 2024 14:23:20 GMT+0800 (中国标准时间)');
INSERT INTO `chat` VALUES (234, '系统6968', '系统', '', '指挥中心上线了', '4', 0, 'Fri May 17 2024 14:24:56 GMT+0800 (中国标准时间)');
INSERT INTO `chat` VALUES (235, '系统6968', '系统', '', '主办单位上线了', '4', 0, 'Fri May 17 2024 14:25:51 GMT+0800 (中国标准时间)');
INSERT INTO `chat` VALUES (236, '系统6968', '指挥中心', '主办单位', '开启活动', '1', 0, 'Fri May 17 2024 14:26:27 GMT+0800 (中国标准时间)');
INSERT INTO `chat` VALUES (237, '系统6968', '主办单位', '', '音乐活动开启了，大家快来玩！', '3', 0, 'Fri May 17 2024 14:26:35 GMT+0800 (中国标准时间)');
INSERT INTO `chat` VALUES (238, '系统6968', '主办单位', '', '音乐活动关闭了，请大家等待下次！', '3', 0, 'Fri May 17 2024 14:27:29 GMT+0800 (中国标准时间)');
INSERT INTO `chat` VALUES (239, '系统6968', '系统', '', '市民上线了', '4', 0, 'Fri May 17 2024 14:28:55 GMT+0800 (中国标准时间)');
INSERT INTO `chat` VALUES (240, '系统6968', '系统', '', '志愿者上线了', '4', 0, 'Fri May 17 2024 14:38:38 GMT+0800 (中国标准时间)');
INSERT INTO `chat` VALUES (241, '系统6968', '指挥中心', '志愿者', '到东坡里', '1', 0, 'Fri May 17 2024 14:38:58 GMT+0800 (中国标准时间)');
INSERT INTO `chat` VALUES (242, '系统6968', '志愿者', '', '在东坡里部署了24名志愿者', '3', 0, 'Fri May 17 2024 14:39:45 GMT+0800 (中国标准时间)');
INSERT INTO `chat` VALUES (243, '系统6968', '系统', '', '指挥中心上线了', '4', 0, 'Fri May 24 2024 21:05:08 GMT+0800 (中国标准时间)');
INSERT INTO `chat` VALUES (244, '系统6968', '系统', '', '公安上线了', '4', 0, 'Fri May 24 2024 21:13:11 GMT+0800 (中国标准时间)');
INSERT INTO `chat` VALUES (245, '系统6968', '指挥中心', '公安', '请安排人员到钱塘里维持治安', '1', 0, 'Fri May 24 2024 21:13:55 GMT+0800 (中国标准时间)');
INSERT INTO `chat` VALUES (246, '系统6968', '系统', '', '指挥中心上线了', '4', 0, 'Fri May 24 2024 21:23:36 GMT+0800 (中国标准时间)');
INSERT INTO `chat` VALUES (247, '系统6968', '系统', '', '指挥中心上线了', '4', 0, 'Fri May 24 2024 21:24:24 GMT+0800 (中国标准时间)');
INSERT INTO `chat` VALUES (248, '系统6968', '系统', '', '公安上线了', '4', 0, 'Fri May 24 2024 21:25:53 GMT+0800 (中国标准时间)');
INSERT INTO `chat` VALUES (249, '系统6968', '系统', '', '公安上线了', '4', 0, 'Fri May 24 2024 21:25:58 GMT+0800 (中国标准时间)');
INSERT INTO `chat` VALUES (250, '系统6968', '系统', '', '公安上线了', '4', 0, 'Fri May 24 2024 21:26:05 GMT+0800 (中国标准时间)');
INSERT INTO `chat` VALUES (251, '系统6968', '系统', '', '公安上线了', '4', 0, 'Fri May 24 2024 21:26:15 GMT+0800 (中国标准时间)');
INSERT INTO `chat` VALUES (252, '系统6968', '系统', '', '指挥中心上线了', '4', 0, 'Fri May 24 2024 21:26:44 GMT+0800 (中国标准时间)');
INSERT INTO `chat` VALUES (253, '系统6968', '系统', '', '指挥中心上线了', '4', 0, 'Fri May 24 2024 21:30:51 GMT+0800 (中国标准时间)');
INSERT INTO `chat` VALUES (254, '系统6968', '系统', '', '指挥中心上线了', '4', 0, 'Fri May 24 2024 21:31:39 GMT+0800 (中国标准时间)');
INSERT INTO `chat` VALUES (255, '系统6968', '系统', '', '公安上线了', '4', 0, 'Fri May 24 2024 21:31:39 GMT+0800 (中国标准时间)');
INSERT INTO `chat` VALUES (256, '系统6968', '系统', '', '主办单位上线了', '4', 0, 'Fri May 24 2024 21:58:08 GMT+0800 (中国标准时间)');
INSERT INTO `chat` VALUES (257, '系统6968', '系统', '', '公安上线了', '4', 0, 'Fri May 24 2024 21:58:25 GMT+0800 (中国标准时间)');
INSERT INTO `chat` VALUES (258, '系统6968', '系统', '', '市民上线了', '4', 0, 'Sat May 25 2024 08:57:49 GMT+0800 (中国标准时间)');

-- ----------------------------
-- Table structure for deploy
-- ----------------------------
DROP TABLE IF EXISTS `deploy`;
CREATE TABLE `deploy`  (
  `id` int(11) NOT NULL AUTO_INCREMENT,
  `sysName` varchar(255) CHARACTER SET utf8mb4 COLLATE utf8mb4_bin NULL DEFAULT NULL,
  `ga` int(11) NULL DEFAULT NULL,
  `ga_lng` double NULL DEFAULT NULL COMMENT '经度',
  `ga_lat` double NULL DEFAULT NULL COMMENT '纬度',
  `jj` int(11) NULL DEFAULT NULL,
  `jj_lng` double NULL DEFAULT NULL,
  `jj_lat` double NULL DEFAULT NULL,
  `cg` int(11) NULL DEFAULT NULL,
  `cg_lng` double NULL DEFAULT NULL,
  `cg_lat` double NULL DEFAULT NULL,
  `zyz` int(11) NULL DEFAULT NULL,
  `zyz_lat` double NULL DEFAULT NULL,
  `zyz_lng` double NULL DEFAULT NULL,
  PRIMARY KEY (`id`) USING BTREE
) ENGINE = InnoDB AUTO_INCREMENT = 179 CHARACTER SET = utf8mb4 COLLATE = utf8mb4_bin ROW_FORMAT = DYNAMIC;

-- ----------------------------
-- Records of deploy
-- ----------------------------
INSERT INTO `deploy` VALUES (118, '系统9621', 0, 120.164273, 30.248522, 0, 120.164273, 30.248522, 0, 120.164273, 30.248522, 10, 30.248522, 120.164273);
INSERT INTO `deploy` VALUES (119, '系统9621', 0, 120.166338, 30.249134, 0, 120.166338, 30.249134, 0, 120.166338, 30.249134, 10, 30.249134, 120.166338);
INSERT INTO `deploy` VALUES (120, '系统9621', 0, 120.166327, 30.250394, 0, 120.166327, 30.250394, 0, 120.166327, 30.250394, 10, 30.250394, 120.166327);
INSERT INTO `deploy` VALUES (121, '系统9621', 0, 120.162964, 30.250237, 0, 120.162964, 30.250237, 0, 120.162964, 30.250237, 10, 30.250237, 120.162964);
INSERT INTO `deploy` VALUES (122, '系统9621', 0, 120.164208, 30.250316, 0, 120.164208, 30.250316, 0, 120.164208, 30.250316, 10, 30.250316, 120.164208);
INSERT INTO `deploy` VALUES (123, '系统9621', 0, 120.158726, 30.258179, 0, 120.158726, 30.258179, 0, 120.158726, 30.258179, 10, 30.258179, 120.158726);
INSERT INTO `deploy` VALUES (124, '系统9621', 0, 120.161741, 30.258193, 0, 120.161741, 30.258193, 0, 120.161741, 30.258193, 10, 30.258193, 120.161741);
INSERT INTO `deploy` VALUES (125, '系统9621', 0, 120.163854, 30.258351, 0, 120.163854, 30.258351, 0, 120.163854, 30.258351, 10, 30.258351, 120.163854);
INSERT INTO `deploy` VALUES (126, '系统9621', 0, 120.163951, 30.257021, 0, 120.163951, 30.257021, 0, 120.163951, 30.257021, 10, 30.257021, 120.163951);
INSERT INTO `deploy` VALUES (127, '系统9621', 0, 120.162615, 30.256932, 0, 120.162615, 30.256932, 0, 120.162615, 30.256932, 10, 30.256932, 120.162615);
INSERT INTO `deploy` VALUES (128, '系统9621', 0, 120.162894, 30.255561, 0, 120.162894, 30.255561, 0, 120.162894, 30.255561, 10, 30.255561, 120.162894);
INSERT INTO `deploy` VALUES (129, '系统9621', 0, 120.162878, 30.253996, 0, 120.162878, 30.253996, 0, 120.162878, 30.253996, 10, 30.253996, 120.162878);
INSERT INTO `deploy` VALUES (130, '系统9621', 0, 120.162968, 30.25275, 0, 120.162968, 30.25275, 0, 120.162968, 30.25275, 10, 30.25275, 120.162968);
INSERT INTO `deploy` VALUES (131, '系统9198', 11, 120.160988, 30.257241, 0, 120.160988, 30.257241, 0, 120.160988, 30.257241, 10, 30.257241, 120.160988);
INSERT INTO `deploy` VALUES (132, '系统9198', 11, 120.163306, 30.256641, 0, 120.163306, 30.256641, 0, 120.163306, 30.256641, 10, 30.256641, 120.163306);
INSERT INTO `deploy` VALUES (133, '系统9198', 11, 120.161679, 30.256041, 0, 120.161679, 30.256041, 0, 120.161679, 30.256041, 10, 30.256041, 120.161679);
INSERT INTO `deploy` VALUES (134, '系统9198', 11, 120.162178, 30.254551, 0, 120.162178, 30.254551, 0, 120.162178, 30.254551, 10, 30.254551, 120.162178);
INSERT INTO `deploy` VALUES (135, '系统9198', 11, 120.163452, 30.254666, 0, 120.163452, 30.254666, 0, 120.163452, 30.254666, 10, 30.254666, 120.163452);
INSERT INTO `deploy` VALUES (136, '系统9198', 11, 120.162555, 30.252937, 0, 120.162555, 30.252937, 0, 120.162555, 30.252937, 10, 30.252937, 120.162555);
INSERT INTO `deploy` VALUES (137, '系统9198', 11, 120.163585, 30.252126, 0, 120.163585, 30.252126, 0, 120.163585, 30.252126, 10, 30.252126, 120.163585);
INSERT INTO `deploy` VALUES (138, '系统9198', 11, 120.162707, 30.249315, 0, 120.162707, 30.249315, 0, 120.162707, 30.249315, 10, 30.249315, 120.162707);
INSERT INTO `deploy` VALUES (139, '系统9198', 11, 120.165169, 30.249562, 0, 120.165169, 30.249562, 0, 120.165169, 30.249562, 10, 30.249562, 120.165169);
INSERT INTO `deploy` VALUES (140, '系统9198', 1, 120.161503, 30.253908, 0, 120.161503, 30.253908, 0, 120.161503, 30.253908, 10, 30.253908, 120.161503);
INSERT INTO `deploy` VALUES (141, '系统9198', 1, 120.160966, 30.254118, 0, 120.160966, 30.254118, 0, 120.160966, 30.254118, 10, 30.254118, 120.160966);
INSERT INTO `deploy` VALUES (142, '系统9198', 11, 120.161199, 30.253807, 0, 120.161199, 30.253807, 0, 120.161199, 30.253807, 10, 30.253807, 120.161199);
INSERT INTO `deploy` VALUES (143, '系统8778', 15, 120.160988, 30.257241, 0, 120.160988, 30.257241, 0, 120.160988, 30.257241, 10, 30.257241, 120.160988);
INSERT INTO `deploy` VALUES (144, '系统8778', 12, 120.163306, 30.256641, 0, 120.163306, 30.256641, 0, 120.163306, 30.256641, 10, 30.256641, 120.163306);
INSERT INTO `deploy` VALUES (145, '系统8778', 0, 120.161679, 30.256041, 0, 120.161679, 30.256041, 0, 120.161679, 30.256041, 10, 30.256041, 120.161679);
INSERT INTO `deploy` VALUES (146, '系统8778', 0, 120.162178, 30.254551, 0, 120.162178, 30.254551, 0, 120.162178, 30.254551, 10, 30.254551, 120.162178);
INSERT INTO `deploy` VALUES (147, '系统8778', 0, 120.163452, 30.254666, 0, 120.163452, 30.254666, 0, 120.163452, 30.254666, 10, 30.254666, 120.163452);
INSERT INTO `deploy` VALUES (148, '系统8778', 0, 120.162555, 30.252937, 0, 120.162555, 30.252937, 0, 120.162555, 30.252937, 10, 30.252937, 120.162555);
INSERT INTO `deploy` VALUES (149, '系统8778', 20, 120.163585, 30.252126, 0, 120.163585, 30.252126, 0, 120.163585, 30.252126, 10, 30.252126, 120.163585);
INSERT INTO `deploy` VALUES (150, '系统8778', 0, 120.162707, 30.249315, 0, 120.162707, 30.249315, 0, 120.162707, 30.249315, 10, 30.249315, 120.162707);
INSERT INTO `deploy` VALUES (151, '系统8778', 0, 120.165169, 30.249562, 0, 120.165169, 30.249562, 0, 120.165169, 30.249562, 10, 30.249562, 120.165169);
INSERT INTO `deploy` VALUES (152, '系统8778', 10, 120.161503, 30.253908, 0, 120.161503, 30.253908, 0, 120.161503, 30.253908, 10, 30.253908, 120.161503);
INSERT INTO `deploy` VALUES (153, '系统8778', 0, 120.160966, 30.254118, 0, 120.160966, 30.254118, 0, 120.160966, 30.254118, 10, 30.254118, 120.160966);
INSERT INTO `deploy` VALUES (154, '系统8778', 0, 120.161199, 30.253807, 0, 120.161199, 30.253807, 0, 120.161199, 30.253807, 10, 30.253807, 120.161199);
INSERT INTO `deploy` VALUES (155, '系统8974', 0, 120.160988, 30.257241, 0, 120.160988, 30.257241, 0, 120.160988, 30.257241, 10, 30.257241, 120.160988);
INSERT INTO `deploy` VALUES (156, '系统8974', 0, 120.163306, 30.256641, 0, 120.163306, 30.256641, 0, 120.163306, 30.256641, 10, 30.256641, 120.163306);
INSERT INTO `deploy` VALUES (157, '系统8974', 0, 120.161679, 30.256041, 0, 120.161679, 30.256041, 0, 120.161679, 30.256041, 10, 30.256041, 120.161679);
INSERT INTO `deploy` VALUES (158, '系统8974', 0, 120.162178, 30.254551, 0, 120.162178, 30.254551, 0, 120.162178, 30.254551, 10, 30.254551, 120.162178);
INSERT INTO `deploy` VALUES (159, '系统8974', 0, 120.163452, 30.254666, 0, 120.163452, 30.254666, 0, 120.163452, 30.254666, 10, 30.254666, 120.163452);
INSERT INTO `deploy` VALUES (160, '系统8974', 0, 120.162555, 30.252937, 0, 120.162555, 30.252937, 0, 120.162555, 30.252937, 10, 30.252937, 120.162555);
INSERT INTO `deploy` VALUES (161, '系统8974', 0, 120.163585, 30.252126, 0, 120.163585, 30.252126, 0, 120.163585, 30.252126, 10, 30.252126, 120.163585);
INSERT INTO `deploy` VALUES (162, '系统8974', 0, 120.162707, 30.249315, 0, 120.162707, 30.249315, 0, 120.162707, 30.249315, 10, 30.249315, 120.162707);
INSERT INTO `deploy` VALUES (163, '系统8974', 0, 120.165169, 30.249562, 0, 120.165169, 30.249562, 0, 120.165169, 30.249562, 10, 30.249562, 120.165169);
INSERT INTO `deploy` VALUES (164, '系统8974', 0, 120.161503, 30.253908, 0, 120.161503, 30.253908, 0, 120.161503, 30.253908, 10, 30.253908, 120.161503);
INSERT INTO `deploy` VALUES (165, '系统8974', 0, 120.160966, 30.254118, 0, 120.160966, 30.254118, 0, 120.160966, 30.254118, 10, 30.254118, 120.160966);
INSERT INTO `deploy` VALUES (166, '系统8974', 0, 120.161199, 30.253807, 0, 120.161199, 30.253807, 0, 120.161199, 30.253807, 10, 30.253807, 120.161199);
INSERT INTO `deploy` VALUES (167, '系统6968', 20, 120.160988, 30.257241, 0, 120.160988, 30.257241, 8, 120.160988, 30.257241, 10, 30.257241, 120.160988);
INSERT INTO `deploy` VALUES (168, '系统6968', 12, 120.163306, 30.256641, 0, 120.163306, 30.256641, 8, 120.163306, 30.256641, 10, 30.256641, 120.163306);
INSERT INTO `deploy` VALUES (169, '系统6968', 12, 120.161679, 30.256041, 0, 120.161679, 30.256041, 0, 120.161679, 30.256041, 10, 30.256041, 120.161679);
INSERT INTO `deploy` VALUES (170, '系统6968', 12, 120.162178, 30.254551, 0, 120.162178, 30.254551, 8, 120.162178, 30.254551, 10, 30.254551, 120.162178);
INSERT INTO `deploy` VALUES (171, '系统6968', 12, 120.163452, 30.254666, 0, 120.163452, 30.254666, 0, 120.163452, 30.254666, 10, 30.254666, 120.163452);
INSERT INTO `deploy` VALUES (172, '系统6968', 12, 120.162555, 30.252937, 0, 120.162555, 30.252937, 0, 120.162555, 30.252937, 10, 30.252937, 120.162555);
INSERT INTO `deploy` VALUES (173, '系统6968', 0, 120.163585, 30.252126, 0, 120.163585, 30.252126, 8, 120.163585, 30.252126, 24, 30.252126, 120.163585);
INSERT INTO `deploy` VALUES (174, '系统6968', 12, 120.162707, 30.249315, 0, 120.162707, 30.249315, 8, 120.162707, 30.249315, 10, 30.249315, 120.162707);
INSERT INTO `deploy` VALUES (175, '系统6968', 0, 120.165169, 30.249562, 0, 120.165169, 30.249562, 0, 120.165169, 30.249562, 10, 30.249562, 120.165169);
INSERT INTO `deploy` VALUES (176, '系统6968', 0, 120.161503, 30.253908, 0, 120.161503, 30.253908, 0, 120.161503, 30.253908, 10, 30.253908, 120.161503);
INSERT INTO `deploy` VALUES (177, '系统6968', 0, 120.160966, 30.254118, 0, 120.160966, 30.254118, 0, 120.160966, 30.254118, 10, 30.254118, 120.160966);
INSERT INTO `deploy` VALUES (178, '系统6968', 0, 120.161199, 30.253807, 0, 120.161199, 30.253807, 0, 120.161199, 30.253807, 10, 30.253807, 120.161199);

-- ----------------------------
-- Table structure for login_record
-- ----------------------------
DROP TABLE IF EXISTS `login_record`;
CREATE TABLE `login_record`  (
  `id` int(11) NOT NULL AUTO_INCREMENT,
  `userName` varchar(255) CHARACTER SET utf8mb4 COLLATE utf8mb4_bin NOT NULL,
  `systemName` varchar(255) CHARACTER SET utf8mb4 COLLATE utf8mb4_bin NOT NULL,
  `loginTime` datetime NULL DEFAULT NULL,
  `logoutTime` datetime NULL DEFAULT NULL,
  PRIMARY KEY (`id`) USING BTREE
) ENGINE = InnoDB AUTO_INCREMENT = 1 CHARACTER SET = utf8mb4 COLLATE = utf8mb4_bin ROW_FORMAT = DYNAMIC;

-- ----------------------------
-- Records of login_record
-- ----------------------------

-- ----------------------------
-- Table structure for number_of_people
-- ----------------------------
DROP TABLE IF EXISTS `number_of_people`;
CREATE TABLE `number_of_people`  (
  `id` int(11) NOT NULL AUTO_INCREMENT COMMENT 'ID',
  `region` varchar(255) CHARACTER SET utf8mb4 COLLATE utf8mb4_bin NOT NULL COMMENT '区域',
  `number` int(11) NULL DEFAULT NULL COMMENT '人数',
  `longitude` double NULL DEFAULT NULL COMMENT '经度',
  `latitude` double NULL DEFAULT NULL COMMENT '纬度',
  `area` int(11) NULL DEFAULT NULL COMMENT '面积',
  `vicinity` varchar(255) CHARACTER SET utf8mb4 COLLATE utf8mb4_bin NULL DEFAULT NULL COMMENT '相邻区域',
  `status` varchar(255) CHARACTER SET utf8mb4 COLLATE utf8mb4_bin NULL DEFAULT NULL COMMENT '状态',
  `systemName` varchar(255) CHARACTER SET utf8mb4 COLLATE utf8mb4_bin NOT NULL,
  PRIMARY KEY (`id`) USING BTREE
) ENGINE = InnoDB AUTO_INCREMENT = 127 CHARACTER SET = utf8mb4 COLLATE = utf8mb4_bin ROW_FORMAT = DYNAMIC;

-- ----------------------------
-- Records of number_of_people
-- ----------------------------
INSERT INTO `number_of_people` VALUES (37, '钱塘里', 2000, 120.160988, 30.257241, 45263, '长生里;劝业里', 'green', '系统3718');
INSERT INTO `number_of_people` VALUES (38, '长生里', 2150, 120.163306, 30.256641, 42258, '钱塘里;劝业里;学士里;龙翔里', 'green', '系统3718');
INSERT INTO `number_of_people` VALUES (39, '劝业里', 2460, 120.161679, 30.256041, 44568, '钱塘里;长生里;学士里;龙翔里', 'green', '系统3718');
INSERT INTO `number_of_people` VALUES (40, '学士里', 2310, 120.162178, 30.254551, 32754, '长生里;劝业里;龙翔里;仁和里;东坡里', 'green', '系统3718');
INSERT INTO `number_of_people` VALUES (41, '龙翔里', 1650, 120.163452, 30.254666, 18703, '长生里;劝业里;学士里;仁和里;东坡里', 'green', '系统3718');
INSERT INTO `number_of_people` VALUES (42, '仁和里', 1680, 120.162555, 30.252937, 19095, '学士里;龙翔里;东坡里', 'green', '系统3718');
INSERT INTO `number_of_people` VALUES (43, '东坡里', 3620, 120.163585, 30.252126, 43396, '学士里;龙翔里;仁和里;将军里;泗水里', 'green', '系统3718');
INSERT INTO `number_of_people` VALUES (44, '将军里', 2400, 120.162707, 30.249315, 47562, '东坡里;泗水里', 'green', '系统3718');
INSERT INTO `number_of_people` VALUES (45, '泗水里', 2550, 120.165169, 30.249562, 38837, '东坡里;将军里', 'green', '系统3718');
INSERT INTO `number_of_people` VALUES (46, '钱塘里', 2000, 120.160988, 30.257241, 45263, '长生里;劝业里', 'green', '系统3759');
INSERT INTO `number_of_people` VALUES (47, '长生里', 2150, 120.163306, 30.256641, 42258, '钱塘里;劝业里;学士里;龙翔里', 'green', '系统3759');
INSERT INTO `number_of_people` VALUES (48, '劝业里', 2460, 120.161679, 30.256041, 44568, '钱塘里;长生里;学士里;龙翔里', 'green', '系统3759');
INSERT INTO `number_of_people` VALUES (49, '学士里', 2310, 120.162178, 30.254551, 32754, '长生里;劝业里;龙翔里;仁和里;东坡里', 'green', '系统3759');
INSERT INTO `number_of_people` VALUES (50, '龙翔里', 1650, 120.163452, 30.254666, 18703, '长生里;劝业里;学士里;仁和里;东坡里', 'green', '系统3759');
INSERT INTO `number_of_people` VALUES (51, '仁和里', 1680, 120.162555, 30.252937, 19095, '学士里;龙翔里;东坡里', 'green', '系统3759');
INSERT INTO `number_of_people` VALUES (52, '东坡里', 3620, 120.163585, 30.252126, 43396, '学士里;龙翔里;仁和里;将军里;泗水里', 'green', '系统3759');
INSERT INTO `number_of_people` VALUES (53, '将军里', 2400, 120.162707, 30.249315, 47562, '东坡里;泗水里', 'green', '系统3759');
INSERT INTO `number_of_people` VALUES (54, '泗水里', 2550, 120.165169, 30.249562, 38837, '东坡里;将军里', 'green', '系统3759');
INSERT INTO `number_of_people` VALUES (55, '钱塘里', 2000, 120.160988, 30.257241, 45263, '长生里;劝业里', 'green', '系统8700');
INSERT INTO `number_of_people` VALUES (56, '长生里', 2150, 120.163306, 30.256641, 42258, '钱塘里;劝业里;学士里;龙翔里', 'green', '系统8700');
INSERT INTO `number_of_people` VALUES (57, '劝业里', 2460, 120.161679, 30.256041, 44568, '钱塘里;长生里;学士里;龙翔里', 'green', '系统8700');
INSERT INTO `number_of_people` VALUES (58, '学士里', 2310, 120.162178, 30.254551, 32754, '长生里;劝业里;龙翔里;仁和里;东坡里', 'green', '系统8700');
INSERT INTO `number_of_people` VALUES (59, '龙翔里', 1650, 120.163452, 30.254666, 18703, '长生里;劝业里;学士里;仁和里;东坡里', 'green', '系统8700');
INSERT INTO `number_of_people` VALUES (60, '仁和里', 1680, 120.162555, 30.252937, 19095, '学士里;龙翔里;东坡里', 'green', '系统8700');
INSERT INTO `number_of_people` VALUES (61, '东坡里', 3620, 120.163585, 30.252126, 43396, '学士里;龙翔里;仁和里;将军里;泗水里', 'green', '系统8700');
INSERT INTO `number_of_people` VALUES (62, '将军里', 2400, 120.162707, 30.249315, 47562, '东坡里;泗水里', 'green', '系统8700');
INSERT INTO `number_of_people` VALUES (63, '泗水里', 2550, 120.165169, 30.249562, 38837, '东坡里;将军里', 'green', '系统8700');
INSERT INTO `number_of_people` VALUES (64, '钱塘里', 2000, 120.160988, 30.257241, 45263, '长生里;劝业里', 'green', '系统7635');
INSERT INTO `number_of_people` VALUES (65, '长生里', 2150, 120.163306, 30.256641, 42258, '钱塘里;劝业里;学士里;龙翔里', 'green', '系统7635');
INSERT INTO `number_of_people` VALUES (66, '劝业里', 2460, 120.161679, 30.256041, 44568, '钱塘里;长生里;学士里;龙翔里', 'green', '系统7635');
INSERT INTO `number_of_people` VALUES (67, '学士里', 2310, 120.162178, 30.254551, 32754, '长生里;劝业里;龙翔里;仁和里;东坡里', 'green', '系统7635');
INSERT INTO `number_of_people` VALUES (68, '龙翔里', 1650, 120.163452, 30.254666, 18703, '长生里;劝业里;学士里;仁和里;东坡里', 'green', '系统7635');
INSERT INTO `number_of_people` VALUES (69, '仁和里', 1680, 120.162555, 30.252937, 19095, '学士里;龙翔里;东坡里', 'green', '系统7635');
INSERT INTO `number_of_people` VALUES (70, '东坡里', 3620, 120.163585, 30.252126, 43396, '学士里;龙翔里;仁和里;将军里;泗水里', 'green', '系统7635');
INSERT INTO `number_of_people` VALUES (71, '将军里', 2400, 120.162707, 30.249315, 47562, '东坡里;泗水里', 'green', '系统7635');
INSERT INTO `number_of_people` VALUES (72, '泗水里', 2550, 120.165169, 30.249562, 38837, '东坡里;将军里', 'green', '系统7635');
INSERT INTO `number_of_people` VALUES (73, '钱塘里', 2000, 120.160988, 30.257241, 45263, '长生里;劝业里', 'green', '系统7114');
INSERT INTO `number_of_people` VALUES (74, '长生里', 2150, 120.163306, 30.256641, 42258, '钱塘里;劝业里;学士里;龙翔里', 'green', '系统7114');
INSERT INTO `number_of_people` VALUES (75, '劝业里', 2460, 120.161679, 30.256041, 44568, '钱塘里;长生里;学士里;龙翔里', 'green', '系统7114');
INSERT INTO `number_of_people` VALUES (76, '学士里', 2310, 120.162178, 30.254551, 32754, '长生里;劝业里;龙翔里;仁和里;东坡里', 'green', '系统7114');
INSERT INTO `number_of_people` VALUES (77, '龙翔里', 1650, 120.163452, 30.254666, 18703, '长生里;劝业里;学士里;仁和里;东坡里', 'green', '系统7114');
INSERT INTO `number_of_people` VALUES (78, '仁和里', 1680, 120.162555, 30.252937, 19095, '学士里;龙翔里;东坡里', 'green', '系统7114');
INSERT INTO `number_of_people` VALUES (79, '东坡里', 3620, 120.163585, 30.252126, 43396, '学士里;龙翔里;仁和里;将军里;泗水里', 'green', '系统7114');
INSERT INTO `number_of_people` VALUES (80, '将军里', 2400, 120.162707, 30.249315, 47562, '东坡里;泗水里', 'green', '系统7114');
INSERT INTO `number_of_people` VALUES (81, '泗水里', 2550, 120.165169, 30.249562, 38837, '东坡里;将军里', 'green', '系统7114');
INSERT INTO `number_of_people` VALUES (82, '钱塘里', 2000, 120.160988, 30.257241, 45263, '长生里;劝业里', 'green', '系统9621');
INSERT INTO `number_of_people` VALUES (83, '长生里', 2150, 120.163306, 30.256641, 42258, '钱塘里;劝业里;学士里;龙翔里', 'green', '系统9621');
INSERT INTO `number_of_people` VALUES (84, '劝业里', 2460, 120.161679, 30.256041, 44568, '钱塘里;长生里;学士里;龙翔里', 'green', '系统9621');
INSERT INTO `number_of_people` VALUES (85, '学士里', 2310, 120.162178, 30.254551, 32754, '长生里;劝业里;龙翔里;仁和里;东坡里', 'green', '系统9621');
INSERT INTO `number_of_people` VALUES (86, '龙翔里', 1650, 120.163452, 30.254666, 18703, '长生里;劝业里;学士里;仁和里;东坡里', 'green', '系统9621');
INSERT INTO `number_of_people` VALUES (87, '仁和里', 1680, 120.162555, 30.252937, 19095, '学士里;龙翔里;东坡里', 'green', '系统9621');
INSERT INTO `number_of_people` VALUES (88, '东坡里', 3620, 120.163585, 30.252126, 43396, '学士里;龙翔里;仁和里;将军里;泗水里', 'yellow', '系统9621');
INSERT INTO `number_of_people` VALUES (89, '将军里', 2400, 120.162707, 30.249315, 47562, '东坡里;泗水里', 'green', '系统9621');
INSERT INTO `number_of_people` VALUES (90, '泗水里', 2550, 120.165169, 30.249562, 38837, '东坡里;将军里', 'green', '系统9621');
INSERT INTO `number_of_people` VALUES (91, '钱塘里', 2000, 120.160988, 30.257241, 45263, '长生里;劝业里', 'green', '系统9198');
INSERT INTO `number_of_people` VALUES (92, '长生里', 2150, 120.163306, 30.256641, 42258, '钱塘里;劝业里;学士里;龙翔里', 'green', '系统9198');
INSERT INTO `number_of_people` VALUES (93, '劝业里', 2460, 120.161679, 30.256041, 44568, '钱塘里;长生里;学士里;龙翔里', 'green', '系统9198');
INSERT INTO `number_of_people` VALUES (94, '学士里', 2310, 120.162178, 30.254551, 32754, '长生里;劝业里;龙翔里;仁和里;东坡里', 'green', '系统9198');
INSERT INTO `number_of_people` VALUES (95, '龙翔里', 1650, 120.163452, 30.254666, 18703, '长生里;劝业里;学士里;仁和里;东坡里', 'green', '系统9198');
INSERT INTO `number_of_people` VALUES (96, '仁和里', 1680, 120.162555, 30.252937, 19095, '学士里;龙翔里;东坡里', 'green', '系统9198');
INSERT INTO `number_of_people` VALUES (97, '东坡里', 3620, 120.163585, 30.252126, 43396, '学士里;龙翔里;仁和里;将军里;泗水里', 'green', '系统9198');
INSERT INTO `number_of_people` VALUES (98, '将军里', 2400, 120.162707, 30.249315, 47562, '东坡里;泗水里', 'green', '系统9198');
INSERT INTO `number_of_people` VALUES (99, '泗水里', 2550, 120.165169, 30.249562, 38837, '东坡里;将军里', 'green', '系统9198');
INSERT INTO `number_of_people` VALUES (100, '钱塘里', 2000, 120.160988, 30.257241, 45263, '长生里;劝业里', 'green', '系统8778');
INSERT INTO `number_of_people` VALUES (101, '长生里', 1650, 120.163306, 30.256641, 42258, '钱塘里;劝业里;学士里;龙翔里', 'green', '系统8778');
INSERT INTO `number_of_people` VALUES (102, '劝业里', 2460, 120.161679, 30.256041, 44568, '钱塘里;长生里;学士里;龙翔里', 'green', '系统8778');
INSERT INTO `number_of_people` VALUES (103, '学士里', 2810, 120.162178, 30.254551, 32754, '长生里;劝业里;龙翔里;仁和里;东坡里', 'green', '系统8778');
INSERT INTO `number_of_people` VALUES (104, '龙翔里', 1650, 120.163452, 30.254666, 18703, '长生里;劝业里;学士里;仁和里;东坡里', 'green', '系统8778');
INSERT INTO `number_of_people` VALUES (105, '仁和里', 1680, 120.162555, 30.252937, 19095, '学士里;龙翔里;东坡里', 'green', '系统8778');
INSERT INTO `number_of_people` VALUES (106, '东坡里', 3620, 120.163585, 30.252126, 43396, '学士里;龙翔里;仁和里;将军里;泗水里', 'yellow', '系统8778');
INSERT INTO `number_of_people` VALUES (107, '将军里', 2400, 120.162707, 30.249315, 47562, '东坡里;泗水里', 'green', '系统8778');
INSERT INTO `number_of_people` VALUES (108, '泗水里', 2550, 120.165169, 30.249562, 38837, '东坡里;将军里', 'green', '系统8778');
INSERT INTO `number_of_people` VALUES (109, '钱塘里', 2000, 120.160988, 30.257241, 45263, '长生里;劝业里', 'green', '系统8974');
INSERT INTO `number_of_people` VALUES (110, '长生里', 2150, 120.163306, 30.256641, 42258, '钱塘里;劝业里;学士里;龙翔里', 'green', '系统8974');
INSERT INTO `number_of_people` VALUES (111, '劝业里', 2460, 120.161679, 30.256041, 44568, '钱塘里;长生里;学士里;龙翔里', 'green', '系统8974');
INSERT INTO `number_of_people` VALUES (112, '学士里', 2310, 120.162178, 30.254551, 32754, '长生里;劝业里;龙翔里;仁和里;东坡里', 'green', '系统8974');
INSERT INTO `number_of_people` VALUES (113, '龙翔里', 1650, 120.163452, 30.254666, 18703, '长生里;劝业里;学士里;仁和里;东坡里', 'green', '系统8974');
INSERT INTO `number_of_people` VALUES (114, '仁和里', 1680, 120.162555, 30.252937, 19095, '学士里;龙翔里;东坡里', 'green', '系统8974');
INSERT INTO `number_of_people` VALUES (115, '东坡里', 3620, 120.163585, 30.252126, 43396, '学士里;龙翔里;仁和里;将军里;泗水里', 'green', '系统8974');
INSERT INTO `number_of_people` VALUES (116, '将军里', 2400, 120.162707, 30.249315, 47562, '东坡里;泗水里', 'green', '系统8974');
INSERT INTO `number_of_people` VALUES (117, '泗水里', 2550, 120.165169, 30.249562, 38837, '东坡里;将军里', 'green', '系统8974');
INSERT INTO `number_of_people` VALUES (118, '钱塘里', 1109, 120.160988, 30.257241, 45263, '长生里;劝业里', 'green', '系统6968');
INSERT INTO `number_of_people` VALUES (119, '长生里', 569, 120.163306, 30.256641, 42258, '钱塘里;劝业里;学士里;龙翔里', 'green', '系统6968');
INSERT INTO `number_of_people` VALUES (120, '劝业里', 430, 120.161679, 30.256041, 44568, '钱塘里;长生里;学士里;龙翔里', 'green', '系统6968');
INSERT INTO `number_of_people` VALUES (121, '学士里', 599, 120.162178, 30.254551, 32754, '长生里;劝业里;龙翔里;仁和里;东坡里', 'green', '系统6968');
INSERT INTO `number_of_people` VALUES (122, '龙翔里', 465, 120.163452, 30.254666, 18703, '长生里;劝业里;学士里;仁和里;东坡里', 'green', '系统6968');
INSERT INTO `number_of_people` VALUES (123, '仁和里', 542, 120.162555, 30.252937, 19095, '学士里;龙翔里;东坡里', 'green', '系统6968');
INSERT INTO `number_of_people` VALUES (124, '东坡里', 338, 120.163585, 30.252126, 43396, '学士里;龙翔里;仁和里;将军里;泗水里', 'green', '系统6968');
INSERT INTO `number_of_people` VALUES (125, '将军里', 679, 120.162707, 30.249315, 47562, '东坡里;泗水里', 'green', '系统6968');
INSERT INTO `number_of_people` VALUES (126, '泗水里', 522, 120.165169, 30.249562, 38837, '东坡里;将军里', 'green', '系统6968');

-- ----------------------------
-- Table structure for number_of_people_init
-- ----------------------------
DROP TABLE IF EXISTS `number_of_people_init`;
CREATE TABLE `number_of_people_init`  (
  `id` int(11) NOT NULL AUTO_INCREMENT COMMENT 'ID',
  `region` varchar(255) CHARACTER SET utf8mb4 COLLATE utf8mb4_bin NOT NULL COMMENT '区域',
  `number` int(11) NULL DEFAULT NULL COMMENT '人数',
  `longitude` double NULL DEFAULT NULL COMMENT '经度',
  `latitude` double NULL DEFAULT NULL COMMENT '纬度',
  `area` int(11) NULL DEFAULT NULL COMMENT '面积',
  `vicinity` varchar(255) CHARACTER SET utf8mb4 COLLATE utf8mb4_bin NULL DEFAULT NULL COMMENT '相邻区域',
  `status` varchar(255) CHARACTER SET utf8mb4 COLLATE utf8mb4_bin NULL DEFAULT NULL COMMENT '状态',
  PRIMARY KEY (`id`) USING BTREE
) ENGINE = InnoDB AUTO_INCREMENT = 10 CHARACTER SET = utf8mb4 COLLATE = utf8mb4_bin ROW_FORMAT = DYNAMIC;

-- ----------------------------
-- Records of number_of_people_init
-- ----------------------------
INSERT INTO `number_of_people_init` VALUES (1, '钱塘里', 2000, 120.160988, 30.257241, 45263, '长生里;劝业里', 'green');
INSERT INTO `number_of_people_init` VALUES (2, '长生里', 2150, 120.163306, 30.256641, 42258, '钱塘里;劝业里;学士里;龙翔里', 'green');
INSERT INTO `number_of_people_init` VALUES (3, '劝业里', 2460, 120.161679, 30.256041, 44568, '钱塘里;长生里;学士里;龙翔里', 'green');
INSERT INTO `number_of_people_init` VALUES (4, '学士里', 2310, 120.162178, 30.254551, 32754, '长生里;劝业里;龙翔里;仁和里;东坡里', 'green');
INSERT INTO `number_of_people_init` VALUES (5, '龙翔里', 1650, 120.163452, 30.254666, 18703, '长生里;劝业里;学士里;仁和里;东坡里', 'green');
INSERT INTO `number_of_people_init` VALUES (6, '仁和里', 1680, 120.162555, 30.252937, 19095, '学士里;龙翔里;东坡里', 'green');
INSERT INTO `number_of_people_init` VALUES (7, '东坡里', 3620, 120.163585, 30.252126, 43396, '学士里;龙翔里;仁和里;将军里;泗水里', 'green');
INSERT INTO `number_of_people_init` VALUES (8, '将军里', 2400, 120.162707, 30.249315, 47562, '东坡里;泗水里', 'green');
INSERT INTO `number_of_people_init` VALUES (9, '泗水里', 2550, 120.165169, 30.249562, 38837, '东坡里;将军里', 'green');

-- ----------------------------
-- Table structure for operate
-- ----------------------------
DROP TABLE IF EXISTS `operate`;
CREATE TABLE `operate`  (
  `id` int(11) NOT NULL AUTO_INCREMENT,
  `systemName` varchar(255) CHARACTER SET utf8mb4 COLLATE utf8mb4_bin NOT NULL DEFAULT '1',
  `statusActivity` varchar(255) CHARACTER SET utf8mb4 COLLATE utf8mb4_bin NOT NULL DEFAULT '1',
  `subwayA` varchar(255) CHARACTER SET utf8mb4 COLLATE utf8mb4_bin NOT NULL DEFAULT '1',
  `subwayB` varchar(255) CHARACTER SET utf8mb4 COLLATE utf8mb4_bin NOT NULL DEFAULT '1',
  `subwayC` varchar(255) CHARACTER SET utf8mb4 COLLATE utf8mb4_bin NOT NULL DEFAULT '1',
  `subwayD` varchar(255) CHARACTER SET utf8mb4 COLLATE utf8mb4_bin NOT NULL DEFAULT '1',
  `busA` varchar(255) CHARACTER SET utf8mb4 COLLATE utf8mb4_bin NOT NULL DEFAULT '1',
  `busB` varchar(255) CHARACTER SET utf8mb4 COLLATE utf8mb4_bin NOT NULL DEFAULT '1',
  `busC` varchar(255) CHARACTER SET utf8mb4 COLLATE utf8mb4_bin NOT NULL DEFAULT '1',
  `busD` varchar(255) CHARACTER SET utf8mb4 COLLATE utf8mb4_bin NOT NULL DEFAULT '1',
  PRIMARY KEY (`id`) USING BTREE
) ENGINE = InnoDB AUTO_INCREMENT = 13 CHARACTER SET = utf8mb4 COLLATE = utf8mb4_bin ROW_FORMAT = DYNAMIC;

-- ----------------------------
-- Records of operate
-- ----------------------------
INSERT INTO `operate` VALUES (3, '系统3718', '1', '1', '1', '1', '1', '1', '1', '1', '1');
INSERT INTO `operate` VALUES (4, '系统3759', '1', '1', '1', '1', '1', '1', '1', '1', '1');
INSERT INTO `operate` VALUES (5, '系统8700', '1', '1', '1', '1', '1', '1', '1', '1', '1');
INSERT INTO `operate` VALUES (6, '系统7635', '1', '1', '1', '1', '1', '1', '1', '1', '1');
INSERT INTO `operate` VALUES (7, '系统7114', '1', '1', '1', '1', '1', '1', '1', '1', '1');
INSERT INTO `operate` VALUES (8, '系统9621', '0', '0', '1', '1', '0', '1', '1', '0', '1');
INSERT INTO `operate` VALUES (9, '系统9198', '1', '1', '1', '1', '1', '1', '1', '1', '1');
INSERT INTO `operate` VALUES (10, '系统8778', '1', '1', '1', '1', '1', '1', '1', '1', '1');
INSERT INTO `operate` VALUES (11, '系统8974', '1', '1', '1', '1', '1', '1', '1', '1', '1');
INSERT INTO `operate` VALUES (12, '系统6968', '0', '1', '0', '1', '0', '0', '1', '0', '0');

-- ----------------------------
-- Table structure for question_choice
-- ----------------------------
DROP TABLE IF EXISTS `question_choice`;
CREATE TABLE `question_choice`  (
  `id` int(11) NOT NULL AUTO_INCREMENT,
  `question` text CHARACTER SET utf8 COLLATE utf8_general_ci NOT NULL,
  `answer_A` varchar(255) CHARACTER SET utf8 COLLATE utf8_general_ci NOT NULL,
  `answer_B` varchar(255) CHARACTER SET utf8 COLLATE utf8_general_ci NOT NULL,
  `answer_C` varchar(255) CHARACTER SET utf8 COLLATE utf8_general_ci NOT NULL,
  `answer_D` varchar(255) CHARACTER SET utf8 COLLATE utf8_general_ci NOT NULL,
  `right_answer` varchar(255) CHARACTER SET utf8 COLLATE utf8_general_ci NOT NULL,
  `analysis` text CHARACTER SET utf8 COLLATE utf8_general_ci NOT NULL,
  `score` smallint(5) UNSIGNED NOT NULL,
  `classify` varchar(255) CHARACTER SET utf8 COLLATE utf8_general_ci NOT NULL,
  PRIMARY KEY (`id`) USING BTREE
) ENGINE = InnoDB AUTO_INCREMENT = 21 CHARACTER SET = utf8 COLLATE = utf8_general_ci ROW_FORMAT = DYNAMIC;

-- ----------------------------
-- Records of question_choice
-- ----------------------------
INSERT INTO `question_choice` VALUES (1, '当某处定位图标变黄色时，市民_____', '只进不出', '可出可进', '只出不进', '不可出亦不可进', 'B', '黄色图标是警告', 5, '1');
INSERT INTO `question_choice` VALUES (2, '某地图表变红，此时市民', '只进不出', '只出不进', '可出可进', '不可出亦不可进', 'C', '没有警力干涉是无法控制进出的', 5, '市民');
INSERT INTO `question_choice` VALUES (3, '此系统共有_____个角色。', '4', '5', '6', '7', 'D', '交警、指挥中心、市民、公交地铁、志愿者、城管、主办单位', 5, '指挥中心');
INSERT INTO `question_choice` VALUES (4, '下列哪种说法是错误的？', '在警力部署除志愿者时，若图标变黄则不能进入区域', '即使部署志愿者，无论什么状态，都可进可出', '部署交警，就不能进出此区域', '部署公安时，代表此地不是红色区域', 'D', '部署公安时，代表此地不是绿色标记区域，红色与黄色却是不能被判断的。', 5, '交警');
INSERT INTO `question_choice` VALUES (5, '主办单位可以发挥什么作用？', '吸引人流', '集中人流', '发送活动通知', '以上均是', 'D', '暂无', 5, '城管');
INSERT INTO `question_choice` VALUES (6, '管控策略：实时人流达多少实行一级响应？', '80000以上', '60000~80000', '40000~60000', '40000以下', 'A', '实时人流>80000人 步行街警力全员上岗，成立临时指挥部，由公安机关进行警力调度。', 5, '公安');
INSERT INTO `question_choice` VALUES (7, '应对人流管控，下列可采取的做法是？', '分割区域，有序管控', '停止活动举办或者放行', '全副武装的警力部署', '以上都可', 'D', '现场严密管控：\r\n美国：分割区域，有序管控——纽约时报广场每年举办跨年活动，百万人参与。纽约警方将报广场分成若干区域，用障碍物隔开，游客一旦进入一个区域，便不能随便出入。一个区域被占满后，才开放下一个区域，降低人员随意流动性。\r\n\r\n英国：专人负责统计人数——2013年新年烟火表演，25万人到泰晤士河边观看。组织方有专人负责统计人数。如果人数达到各区块所能承载人数的上限，将停止放行。\r\n\r\n法国：全副武装的警力部署——2012年跨年，全长2.2公里的香榭丽舍大街迎来30万人聚会，警车以及大量三人一组巡逻的防暴警察随处可见，头盔、护具、枪械一样不少。', 5, '主办单位');
INSERT INTO `question_choice` VALUES (8, '部署公安、交警、城管以后，以下哪一项操作是合理的？', '继续在此区域部署警力', '市民进入此区域', '市民转移到此区域', '在此区域举办活动', 'A', '部署警力之后，市民操作均不可执行，举办活动会吸引人流，加大人流密度', 2, '志愿者');
INSERT INTO `question_choice` VALUES (9, '人流根据以下哪种方法计算最有效？', '移动通信服务', '实时监控', '图像识别', '人流密度计算', 'A', '暂无', 5, '志愿者');
INSERT INTO `question_choice` VALUES (10, '哪个角色可以发指挥通知给其他任何一个角色？', '交警', '指挥中心', '主办方', '市民', 'B', '暂无', 5, '志愿者');
INSERT INTO `question_choice` VALUES (12, '此系统共有_____个角色。====A', '4', '5', '6', '7', 'D', '交警、指挥中心、市民、公交地铁、志愿者、城管、主办单位', 5, '指挥中心');
INSERT INTO `question_choice` VALUES (13, '某地图表变红，此时市民====A', '只进不出', '只出不进', '可出可进', '不可出亦不可进', 'C', '没有警力干涉是无法控制进出的', 5, '市民');
INSERT INTO `question_choice` VALUES (14, '下列哪种说法是错误的？====A', '在警力部署除志愿者时，若图标变黄则不能进入区域', '即使部署志愿者，无论什么状态，都可进可出', '部署交警，就不能进出此区域', '部署公安时，代表此地不是红色区域', 'D', '部署公安时，代表此地不是绿色标记区域，红色与黄色却是不能被判断的。', 5, '交警');
INSERT INTO `question_choice` VALUES (15, '主办单位可以发挥什么作用？====A', '吸引人流', '集中人流', '发送活动通知', '以上均是', 'D', '暂无', 5, '城管');
INSERT INTO `question_choice` VALUES (16, '管控策略：实时人流达多少实行一级响应？====A', '80000以上', '60000~80000', '40000~60000', '40000以下', 'A', '实时人流>80000人 步行街警力全员上岗，成立临时指挥部，由公安机关进行警力调度。', 5, '公安');
INSERT INTO `question_choice` VALUES (17, '应对人流管控，下列可采取的做法是？====A', '分割区域，有序管控', '停止活动举办或者放行', '全副武装的警力部署', '以上都可', 'D', '现场严密管控：\r\n美国：分割区域，有序管控——纽约时报广场每年举办跨年活动，百万人参与。纽约警方将报广场分成若干区域，用障碍物隔开，游客一旦进入一个区域，便不能随便出入。一个区域被占满后，才开放下一个区域，降低人员随意流动性。\r\n\r\n英国：专人负责统计人数——2013年新年烟火表演，25万人到泰晤士河边观看。组织方有专人负责统计人数。如果人数达到各区块所能承载人数的上限，将停止放行。\r\n\r\n法国：全副武装的警力部署——2012年跨年，全长2.2公里的香榭丽舍大街迎来30万人聚会，警车以及大量三人一组巡逻的防暴警察随处可见，头盔、护具、枪械一样不少。', 5, '主办单位');
INSERT INTO `question_choice` VALUES (18, '部署公安、交警、城管以后，以下哪一项操作是合理的？====A', '继续在此区域部署警力', '市民进入此区域', '市民转移到此区域', '在此区域举办活动', 'A', '部署警力之后，市民操作均不可执行，举办活动会吸引人流，加大人流密度', 2, '志愿者');
INSERT INTO `question_choice` VALUES (19, '人流根据以下哪种方法计算最有效？====A', '移动通信服务', '实时监控', '图像识别', '人流密度计算', 'A', '暂无', 5, '志愿者');
INSERT INTO `question_choice` VALUES (20, '哪个角色可以发指挥通知给其他任何一个角色？====A', '交警', '指挥中心', '主办方', '市民', 'B', '暂无', 5, '志愿者');

-- ----------------------------
-- Table structure for systems
-- ----------------------------
DROP TABLE IF EXISTS `systems`;
CREATE TABLE `systems`  (
  `id` int(11) NOT NULL AUTO_INCREMENT,
  `systemname` varchar(255) CHARACTER SET utf8mb4 COLLATE utf8mb4_bin NULL DEFAULT NULL,
  `username` varchar(255) CHARACTER SET utf8mb4 COLLATE utf8mb4_bin NULL DEFAULT NULL,
  `speed` int(11) NULL DEFAULT NULL,
  `runtime` varchar(255) CHARACTER SET utf8mb4 COLLATE utf8mb4_bin NULL DEFAULT NULL COMMENT '保存实验进行到哪一时刻',
  PRIMARY KEY (`id`) USING BTREE
) ENGINE = InnoDB AUTO_INCREMENT = 26 CHARACTER SET = utf8mb4 COLLATE = utf8mb4_bin ROW_FORMAT = DYNAMIC;

-- ----------------------------
-- Records of systems
-- ----------------------------
INSERT INTO `systems` VALUES (16, '系统3718', NULL, 5, 'Fri Dec 31 17:00:00 CST 2021');
INSERT INTO `systems` VALUES (17, '系统3759', NULL, 5, 'Fri Dec 31 17:00:00 CST 2021');
INSERT INTO `systems` VALUES (18, '系统8700', NULL, 5, 'Fri Dec 31 17:00:00 CST 2021');
INSERT INTO `systems` VALUES (19, '系统7635', NULL, 5, 'Fri Dec 31 17:00:00 CST 2021');
INSERT INTO `systems` VALUES (20, '系统7114', NULL, 5, 'Fri Dec 31 17:00:00 CST 2021');
INSERT INTO `systems` VALUES (21, '系统9621', NULL, 5, 'Fri Dec 31 17:00:00 CST 2021');
INSERT INTO `systems` VALUES (22, '系统9198', NULL, 5, 'Fri Dec 31 17:00:00 CST 2021');
INSERT INTO `systems` VALUES (23, '系统8778', NULL, 5, 'Fri Dec 31 17:00:00 CST 2021');
INSERT INTO `systems` VALUES (24, '系统8974', NULL, 5, 'Fri Dec 31 17:00:00 CST 2021');
INSERT INTO `systems` VALUES (25, '系统6968', NULL, 5, 'Fri Dec 31 17:00:00 CST 2021');

-- ----------------------------
-- Table structure for user
-- ----------------------------
DROP TABLE IF EXISTS `user`;
CREATE TABLE `user`  (
  `id` int(11) NOT NULL AUTO_INCREMENT COMMENT 'ID',
  `username` varchar(50) CHARACTER SET utf8mb4 COLLATE utf8mb4_bin NOT NULL COMMENT '用户名',
  `password` varchar(50) CHARACTER SET utf8mb4 COLLATE utf8mb4_bin NULL DEFAULT NULL COMMENT '密码',
  `role` varchar(255) CHARACTER SET utf8mb4 COLLATE utf8mb4_bin NULL DEFAULT NULL COMMENT '角色',
  `salt` varchar(50) CHARACTER SET utf8mb4 COLLATE utf8mb4_bin NULL DEFAULT NULL COMMENT '盐值',
  `status` int(11) NULL DEFAULT 0 COMMENT '是否登录',
  `systemname` varchar(255) CHARACTER SET utf8mb4 COLLATE utf8mb4_bin NULL DEFAULT NULL,
  PRIMARY KEY (`id`) USING BTREE
) ENGINE = InnoDB AUTO_INCREMENT = 47 CHARACTER SET = utf8mb4 COLLATE = utf8mb4_bin ROW_FORMAT = DYNAMIC;

-- ----------------------------
-- Records of user
-- ----------------------------
INSERT INTO `user` VALUES (43, 'LiShiMin', '33edc60023b4890cfe6fdabda7931441', NULL, 'AH1KDHIL', 0, NULL);
INSERT INTO `user` VALUES (44, 'admin001', 'bce65a0c8d1b7d2d4ab68b9bce11a41c', NULL, 'Y(1hJKNj', 0, NULL);
INSERT INTO `user` VALUES (45, 'admin002', '8b5fa5cae42dd46a0cfcbfa9e3dc2e13', NULL, '*Xa^!Enk', 0, NULL);
INSERT INTO `user` VALUES (46, 'admin003', '94098f94253b917daf9f7214c6456b84', NULL, 'U*^Dgy2c', 0, NULL);

-- ----------------------------
-- Table structure for user_score
-- ----------------------------
DROP TABLE IF EXISTS `user_score`;
CREATE TABLE `user_score`  (
  `id` int(11) NOT NULL AUTO_INCREMENT,
  `systemName` varchar(255) CHARACTER SET utf8mb4 COLLATE utf8mb4_bin NULL DEFAULT NULL,
  `role` varchar(255) CHARACTER SET utf8mb4 COLLATE utf8mb4_bin NULL DEFAULT NULL,
  `score` int(11) NULL DEFAULT NULL,
  `username` varchar(255) CHARACTER SET utf8mb4 COLLATE utf8mb4_bin NULL DEFAULT NULL,
  PRIMARY KEY (`id`) USING BTREE
) ENGINE = InnoDB AUTO_INCREMENT = 66 CHARACTER SET = utf8mb4 COLLATE = utf8mb4_bin ROW_FORMAT = DYNAMIC;

-- ----------------------------
-- Records of user_score
-- ----------------------------
INSERT INTO `user_score` VALUES (1, '1', '1', 1, '2');
INSERT INTO `user_score` VALUES (2, '系统6841', '指挥中心', 93, '1');
INSERT INTO `user_score` VALUES (3, '系统6841', '公安', 0, '1');
INSERT INTO `user_score` VALUES (4, '系统6841', '交警', 0, NULL);
INSERT INTO `user_score` VALUES (5, '系统6841', '城管', 0, NULL);
INSERT INTO `user_score` VALUES (6, '系统6841', '公交地铁', 0, NULL);
INSERT INTO `user_score` VALUES (7, '系统6841', '主办单位', 0, NULL);
INSERT INTO `user_score` VALUES (8, '系统6841', '志愿者', 0, NULL);
INSERT INTO `user_score` VALUES (9, '系统6841', '市民', 0, NULL);
INSERT INTO `user_score` VALUES (10, '系统3759', '指挥中心', 0, NULL);
INSERT INTO `user_score` VALUES (11, '系统3759', '交警', 0, NULL);
INSERT INTO `user_score` VALUES (12, '系统3759', '公安', 0, NULL);
INSERT INTO `user_score` VALUES (13, '系统3759', '城管', 0, NULL);
INSERT INTO `user_score` VALUES (14, '系统3759', '公交地铁', 0, NULL);
INSERT INTO `user_score` VALUES (15, '系统3759', '主办单位', 0, NULL);
INSERT INTO `user_score` VALUES (16, '系统3759', '志愿者', 0, NULL);
INSERT INTO `user_score` VALUES (17, '系统3759', '市民', 0, NULL);
INSERT INTO `user_score` VALUES (18, '系统8700', '指挥中心', 0, NULL);
INSERT INTO `user_score` VALUES (19, '系统8700', '交警', 0, NULL);
INSERT INTO `user_score` VALUES (20, '系统8700', '公安', 0, NULL);
INSERT INTO `user_score` VALUES (21, '系统8700', '城管', 0, NULL);
INSERT INTO `user_score` VALUES (22, '系统8700', '公交地铁', 0, NULL);
INSERT INTO `user_score` VALUES (23, '系统8700', '主办单位', 0, NULL);
INSERT INTO `user_score` VALUES (24, '系统8700', '志愿者', 0, NULL);
INSERT INTO `user_score` VALUES (25, '系统8700', '市民', 0, NULL);
INSERT INTO `user_score` VALUES (26, '系统7635', '指挥中心', 0, NULL);
INSERT INTO `user_score` VALUES (27, '系统7635', '交警', 0, NULL);
INSERT INTO `user_score` VALUES (28, '系统7635', '公安', 0, NULL);
INSERT INTO `user_score` VALUES (29, '系统7635', '城管', 0, NULL);
INSERT INTO `user_score` VALUES (30, '系统7635', '公交地铁', 0, NULL);
INSERT INTO `user_score` VALUES (31, '系统7635', '主办单位', 0, NULL);
INSERT INTO `user_score` VALUES (32, '系统7635', '志愿者', 0, NULL);
INSERT INTO `user_score` VALUES (33, '系统7635', '市民', 0, NULL);
INSERT INTO `user_score` VALUES (34, '系统7114', '指挥中心', 0, NULL);
INSERT INTO `user_score` VALUES (35, '系统7114', '交警', 0, NULL);
INSERT INTO `user_score` VALUES (36, '系统7114', '公安', 0, NULL);
INSERT INTO `user_score` VALUES (37, '系统7114', '城管', 0, NULL);
INSERT INTO `user_score` VALUES (38, '系统7114', '公交地铁', 0, NULL);
INSERT INTO `user_score` VALUES (39, '系统7114', '主办单位', 0, NULL);
INSERT INTO `user_score` VALUES (40, '系统7114', '志愿者', 0, NULL);
INSERT INTO `user_score` VALUES (41, '系统7114', '市民', 0, NULL);
INSERT INTO `user_score` VALUES (42, '系统9621', '指挥中心', 0, NULL);
INSERT INTO `user_score` VALUES (43, '系统9621', '交警', 0, NULL);
INSERT INTO `user_score` VALUES (44, '系统9621', '公安', 0, NULL);
INSERT INTO `user_score` VALUES (45, '系统9621', '城管', 0, NULL);
INSERT INTO `user_score` VALUES (46, '系统9621', '公交地铁', 0, NULL);
INSERT INTO `user_score` VALUES (47, '系统9621', '主办单位', 0, NULL);
INSERT INTO `user_score` VALUES (48, '系统9621', '志愿者', 0, NULL);
INSERT INTO `user_score` VALUES (49, '系统9621', '市民', 0, NULL);
INSERT INTO `user_score` VALUES (50, '系统8974', '指挥中心', 0, NULL);
INSERT INTO `user_score` VALUES (51, '系统8974', '交警', 0, NULL);
INSERT INTO `user_score` VALUES (52, '系统8974', '公安', 0, NULL);
INSERT INTO `user_score` VALUES (53, '系统8974', '城管', 0, NULL);
INSERT INTO `user_score` VALUES (54, '系统8974', '公交地铁', 0, NULL);
INSERT INTO `user_score` VALUES (55, '系统8974', '主办单位', 0, NULL);
INSERT INTO `user_score` VALUES (56, '系统8974', '志愿者', 0, NULL);
INSERT INTO `user_score` VALUES (57, '系统8974', '市民', 0, NULL);
INSERT INTO `user_score` VALUES (58, '系统6968', '指挥中心', 0, NULL);
INSERT INTO `user_score` VALUES (59, '系统6968', '交警', 0, NULL);
INSERT INTO `user_score` VALUES (60, '系统6968', '公安', 0, NULL);
INSERT INTO `user_score` VALUES (61, '系统6968', '城管', 0, NULL);
INSERT INTO `user_score` VALUES (62, '系统6968', '公交地铁', 0, NULL);
INSERT INTO `user_score` VALUES (63, '系统6968', '主办单位', 0, NULL);
INSERT INTO `user_score` VALUES (64, '系统6968', '志愿者', 0, NULL);
INSERT INTO `user_score` VALUES (65, '系统6968', '市民', 0, NULL);

SET FOREIGN_KEY_CHECKS = 1;
